"","Volume","Taxon name"
"Achillea millefolium","Volume 19","Achillea millefolium"
"Agrostis","Volume 24","Agrostis"
"Agrostis anadyrensis","Volume 24","Agrostis anadyrensis"
"Agrostis canina","Volume 24","Agrostis canina"
"Agrostis capillaris","Volume 24","Agrostis capillaris"
"Agrostis mertensii","Volume 24","Agrostis mertensii"
"Agrostis nebulosa","Volume 24","Agrostis nebulosa"
"Agrostis scabra","Volume 24","Agrostis scabra"
"Agrostis stolonifera","Volume 24","Agrostis stolonifera"
"Agrostis tolucensis","Volume 24","Agrostis tolucensis"
"Alchemilla filicaulis subsp. filicaulis","Volume 9","Alchemilla filicaulis subsp. filicaulis"
"Alchemilla filicaulis subsp. vestita","Volume 9","Alchemilla filicaulis subsp. vestita"
"Alisma triviale","Volume 22","Alisma triviale"
"Allium schoenoprasum","Volume 26","Allium schoenoprasum"
"Alopecurus","Volume 24","Alopecurus"
"Alopecurus aequalis","Volume 24","Alopecurus aequalis"
"Alopecurus aequalis var. aequalis","Volume 24","Alopecurus aequalis var. aequalis"
"Alopecurus geniculatus","Volume 24","Alopecurus geniculatus"
"Alopecurus pratensis","Volume 24","Alopecurus pratensis"
"Amaranthus albus","Volume 4","Amaranthus albus"
"Amaranthus retroflexus","Volume 4","Amaranthus retroflexus"
"Amblystegium serpens","Volume 28","Amblystegium serpens"
"Amelanchier bartramiana","Volume 9","Amelanchier bartramiana"
"Amerorchis rotundifolia","Volume 26","Amerorchis rotundifolia"
"Ammophila","Volume 24","Ammophila"
"Ammophila breviligulata","Volume 24","Ammophila breviligulata"
"Ammophila breviligulata subsp. breviligulata","Volume 24","Ammophila breviligulata subsp. breviligulata"
"Ammophila breviligulata subsp. champlainensis","Volume 24","Ammophila breviligulata subsp. champlainensis"
"Amphidium lapponicum","Volume 28","Amphidium lapponicum"
"Amphidium mougeotii","Volume 28","Amphidium mougeotii"
"Anaphalis margaritacea","Volume 19","Anaphalis margaritacea"
"Andreaea blyttii","Volume 27","Andreaea blyttii"
"Andreaea rothii","Volume 27","Andreaea rothii"
"Andreaea rupestris","Volume 27","Andreaea rupestris"
"Andromeda polifolia var. latifolia","Volume 8","Andromeda polifolia var. latifolia"
"Andromeda polifolia var. polifolia","Volume 8","Andromeda polifolia var. polifolia"
"Anomobryum concinnatum","Volume 28","Anomobryum concinnatum"
"Antennaria alpina","Volume 19","Antennaria alpina"
"Antennaria friesiana","Volume 19","Antennaria friesiana"
"Antennaria monocephala","Volume 19","Antennaria monocephala"
"Antennaria rosea","Volume 19","Antennaria rosea"
"Antennaria rosea subsp. pulvinata","Volume 19","Antennaria rosea subsp. pulvinata"
"Anthoxanthum","Volume 24","Anthoxanthum"
"Anthoxanthum arcticum","Volume 24","Anthoxanthum arcticum"
"Anthoxanthum hirtum","Volume 24","Anthoxanthum hirtum"
"Anthoxanthum monticola","Volume 24","Anthoxanthum monticola"
"Anthoxanthum monticola subsp. alpinum","Volume 24","Anthoxanthum monticola subsp. alpinum"
"Anthoxanthum monticola subsp. monticola","Volume 24","Anthoxanthum monticola subsp. monticola"
"Anthoxanthum nitens","Volume 24","Anthoxanthum nitens"
"Anthoxanthum occidentale","Volume 24","Anthoxanthum occidentale"
"Antitrichia curtipendula","Volume 28","Antitrichia curtipendula"
"Arabis alpina","Volume 7","Arabis alpina"
"Arabis pycnocarpa","Volume 7","Arabis pycnocarpa"
"Arctostaphylos uva-ursi","Volume 8","Arctostaphylos uva-ursi"
"Arctous alpina","Volume 8","Arctous alpina"
"Arenaria humifusa","Volume 5","Arenaria humifusa"
"Armeria maritima subsp. sibirica","Volume 5","Armeria maritima subsp. sibirica"
"Arnica angustifolia subsp. angustifolia","Volume 21","Arnica angustifolia subsp. angustifolia"
"Artemisia campestris subsp. canadensis","Volume 19","Artemisia campestris subsp. canadensis"
"Asparagus officinalis","Volume 26","Asparagus officinalis"
"Atriplex glabriuscula var. glabriuscula","Volume 4","Atriplex glabriuscula var. glabriuscula"
"Aulacomnium palustre","Volume 28","Aulacomnium palustre"
"Aulacomnium turgidum","Volume 28","Aulacomnium turgidum"
"Barbarea orthoceras","Volume 7","Barbarea orthoceras"
"Barbarea vulgaris","Volume 7","Barbarea vulgaris"
"Bartramia ithyphylla","Volume 28","Bartramia ithyphylla"
"Bartramia pomiformis","Volume 28","Bartramia pomiformis"
"Bartsia alpina","Volume 17","Bartsia alpina"
"Blysmopsis rufa","Volume 23","Blysmopsis rufa"
"Brachytheciastrum velutinum var. velutinum","Volume 28","Brachytheciastrum velutinum var. velutinum"
"Brachythecium albicans","Volume 28","Brachythecium albicans"
"Brachythecium erythrorrhizon var. erythrorrhizon","Volume 28","Brachythecium erythrorrhizon var. erythrorrhizon"
"Brachythecium laetum","Volume 28","Brachythecium laetum"
"Brachythecium rivulare","Volume 28","Brachythecium rivulare"
"Brachythecium rutabulum","Volume 28","Brachythecium rutabulum"
"Brachythecium turgidum","Volume 28","Brachythecium turgidum"
"Brassica juncea","Volume 7","Brassica juncea"
"Brassica napus","Volume 7","Brassica napus"
"Brassica nigra","Volume 7","Brassica nigra"
"Brassica oleracea","Volume 7","Brassica oleracea"
"Brassica rapa","Volume 7","Brassica rapa"
"Bromus","Volume 24","Bromus"
"Bromus caroli-henrici","Volume 24","Bromus caroli-henrici"
"Bromus ciliatus","Volume 24","Bromus ciliatus"
"Bromus commutatus","Volume 24","Bromus commutatus"
"Bromus hallii","Volume 24","Bromus hallii"
"Bromus inermis","Volume 24","Bromus inermis"
"Bromus japonicus","Volume 24","Bromus japonicus"
"Bromus pumpellianus","Volume 24","Bromus pumpellianus"
"Bromus pumpellianus subsp. dicksonii","Volume 24","Bromus pumpellianus subsp. dicksonii"
"Bromus pumpellianus subsp. pumpellianus","Volume 24","Bromus pumpellianus subsp. pumpellianus"
"Bromus richardsonii","Volume 24","Bromus richardsonii"
"Bromus riparius","Volume 24","Bromus riparius"
"Bromus sect. Bromopsis","Volume 24","Bromus sect. Bromopsis"
"Bromus sect. Bromus","Volume 24","Bromus sect. Bromus"
"Bromus sect. Ceratochloa","Volume 24","Bromus sect. Ceratochloa"
"Bromus sect. Genea","Volume 24","Bromus sect. Genea"
"Bromus sect. Neobromus","Volume 24","Bromus sect. Neobromus"
"Bryhnia graminicolor","Volume 28","Bryhnia graminicolor"
"Bryhnia novae-angliae","Volume 28","Bryhnia novae-angliae"
"Bryoerythrophyllum recurvirostrum","Volume 27","Bryoerythrophyllum recurvirostrum"
"Bryum argenteum var. argenteum","Volume 28","Bryum argenteum var. argenteum"
"Bryum lanatum","Volume 28","Bryum lanatum"
"Bucklandiella microcarpa","Volume 27","Bucklandiella microcarpa"
"Bucklandiella sudetica","Volume 27","Bucklandiella sudetica"
"Cakile edentula var. edentula","Volume 7","Cakile edentula var. edentula"
"Calamagrostis","Volume 24","Calamagrostis"
"Calamagrostis canadensis","Volume 24","Calamagrostis canadensis"
"Calamagrostis canadensis var. canadensis","Volume 24","Calamagrostis canadensis var. canadensis"
"Calamagrostis canadensis var. langsdorffii","Volume 24","Calamagrostis canadensis var. langsdorffii"
"Calamagrostis cinnoides","Volume 24","Calamagrostis cinnoides"
"Calamagrostis epigejos","Volume 24","Calamagrostis epigejos"
"Calamagrostis pickeringii","Volume 24","Calamagrostis pickeringii"
"Calamagrostis stricta","Volume 24","Calamagrostis stricta"
"Calamagrostis stricta subsp. inexpansa","Volume 24","Calamagrostis stricta subsp. inexpansa"
"Calamagrostis stricta subsp. stricta","Volume 24","Calamagrostis stricta subsp. stricta"
"Calamagrostis ×acutiflora","Volume 24","Calamagrostis ×acutiflora"
"Calla palustris","Volume 22","Calla palustris"
"Calliergon cordifolium","Volume 28","Calliergon cordifolium"
"Calliergon giganteum","Volume 28","Calliergon giganteum"
"Calliergon richardsonii","Volume 28","Calliergon richardsonii"
"Calliergonella cuspidata","Volume 28","Calliergonella cuspidata"
"Calypso bulbosa var. americana","Volume 26","Calypso bulbosa var. americana"
"Camelina microcarpa","Volume 7","Camelina microcarpa"
"Campyliadelphus chrysophyllus","Volume 28","Campyliadelphus chrysophyllus"
"Campylium stellatum","Volume 28","Campylium stellatum"
"Campylophyllum halleri","Volume 28","Campylophyllum halleri"
"Campylophyllum hispidulum","Volume 28","Campylophyllum hispidulum"
"Capsella bursa-pastoris","Volume 7","Capsella bursa-pastoris"
"Cardamine nymanii","Volume 7","Cardamine nymanii"
"Cardamine pensylvanica","Volume 7","Cardamine pensylvanica"
"Carex adelostoma","Volume 23","Carex adelostoma"
"Carex aquatilis var. aquatilis","Volume 23","Carex aquatilis var. aquatilis"
"Carex arctata","Volume 23","Carex arctata"
"Carex atratiformis","Volume 23","Carex atratiformis"
"Carex atrofusca","Volume 23","Carex atrofusca"
"Carex bebbii","Volume 23","Carex bebbii"
"Carex bigelowii subsp. bigelowii","Volume 23","Carex bigelowii subsp. bigelowii"
"Carex brunnescens subsp. brunnescens","Volume 23","Carex brunnescens subsp. brunnescens"
"Carex brunnescens subsp. sphaerostachya","Volume 23","Carex brunnescens subsp. sphaerostachya"
"Carex buxbaumii","Volume 23","Carex buxbaumii"
"Carex canescens subsp. canescens","Volume 23","Carex canescens subsp. canescens"
"Carex canescens subsp. disjuncta","Volume 23","Carex canescens subsp. disjuncta"
"Carex capillaris","Volume 23","Carex capillaris"
"Carex capitata","Volume 23","Carex capitata"
"Carex castanea","Volume 23","Carex castanea"
"Carex chordorrhiza","Volume 23","Carex chordorrhiza"
"Carex communis var. communis","Volume 23","Carex communis var. communis"
"Carex concinna","Volume 23","Carex concinna"
"Carex conoidea","Volume 23","Carex conoidea"
"Carex crawfordii","Volume 23","Carex crawfordii"
"Carex cryptolepis","Volume 23","Carex cryptolepis"
"Carex cumulata","Volume 23","Carex cumulata"
"Carex debilis var. rudgei","Volume 23","Carex debilis var. rudgei"
"Carex deflexa var. deflexa","Volume 23","Carex deflexa var. deflexa"
"Carex deweyana var. deweyana","Volume 23","Carex deweyana var. deweyana"
"Carex diandra","Volume 23","Carex diandra"
"Carex disperma","Volume 23","Carex disperma"
"Carex eburnea","Volume 23","Carex eburnea"
"Carex flava","Volume 23","Carex flava"
"Carex foenea","Volume 23","Carex foenea"
"Carex folliculata","Volume 23","Carex folliculata"
"Carex glacialis","Volume 23","Carex glacialis"
"Carex glareosa subsp. glareosa","Volume 23","Carex glareosa subsp. glareosa"
"Carex gracillima","Volume 23","Carex gracillima"
"Carex gynocrates","Volume 23","Carex gynocrates"
"Carex heleonastes","Volume 23","Carex heleonastes"
"Carex holostoma","Volume 23","Carex holostoma"
"Carex hostiana","Volume 23","Carex hostiana"
"Carex houghtoniana","Volume 23","Carex houghtoniana"
"Carex hystericina","Volume 23","Carex hystericina"
"Carex intumescens","Volume 23","Carex intumescens"
"Carex lachenalii","Volume 23","Carex lachenalii"
"Carex lasiocarpa","Volume 23","Carex lasiocarpa"
"Carex lenticularis var. lenticularis","Volume 23","Carex lenticularis var. lenticularis"
"Carex leptalea","Volume 23","Carex leptalea"
"Carex leptonervia","Volume 23","Carex leptonervia"
"Carex limosa","Volume 23","Carex limosa"
"Carex livida","Volume 23","Carex livida"
"Carex lurida","Volume 23","Carex lurida"
"Carex mackenziei","Volume 23","Carex mackenziei"
"Carex magellanica subsp. irrigua","Volume 23","Carex magellanica subsp. irrigua"
"Carex marina","Volume 23","Carex marina"
"Carex maritima","Volume 23","Carex maritima"
"Carex membranacea","Volume 23","Carex membranacea"
"Carex michauxiana","Volume 23","Carex michauxiana"
"Carex microglochin subsp. microglochin","Volume 23","Carex microglochin subsp. microglochin"
"Carex nardina","Volume 23","Carex nardina"
"Carex nigra","Volume 23","Carex nigra"
"Carex norvegica","Volume 23","Carex norvegica"
"Carex novae-angliae","Volume 23","Carex novae-angliae"
"Carex oligosperma","Volume 23","Carex oligosperma"
"Carex paleacea","Volume 23","Carex paleacea"
"Carex pallescens","Volume 23","Carex pallescens"
"Carex panicea","Volume 23","Carex panicea"
"Carex pauciflora","Volume 23","Carex pauciflora"
"Carex pedunculata","Volume 23","Carex pedunculata"
"Carex petricosa var. misandroides","Volume 23","Carex petricosa var. misandroides"
"Carex praticola","Volume 23","Carex praticola"
"Carex projecta","Volume 23","Carex projecta"
"Carex rariflora","Volume 23","Carex rariflora"
"Carex recta","Volume 23","Carex recta"
"Carex rostrata","Volume 23","Carex rostrata"
"Carex rotundata","Volume 23","Carex rotundata"
"Carex rupestris","Volume 23","Carex rupestris"
"Carex salina","Volume 23","Carex salina"
"Carex saxatilis","Volume 23","Carex saxatilis"
"Carex scirpoidea subsp. scirpoidea","Volume 23","Carex scirpoidea subsp. scirpoidea"
"Carex stipata var. stipata","Volume 23","Carex stipata var. stipata"
"Carex stylosa","Volume 23","Carex stylosa"
"Carex subspathacea","Volume 23","Carex subspathacea"
"Carex tenuiflora","Volume 23","Carex tenuiflora"
"Carex tonsa var. tonsa","Volume 23","Carex tonsa var. tonsa"
"Carex trisperma","Volume 23","Carex trisperma"
"Carex umbellata","Volume 23","Carex umbellata"
"Carex utriculata","Volume 23","Carex utriculata"
"Carex vacillans","Volume 23","Carex vacillans"
"Carex vaginata","Volume 23","Carex vaginata"
"Carex vesicaria","Volume 23","Carex vesicaria"
"Carex viridula subsp. oedocarpa","Volume 23","Carex viridula subsp. oedocarpa"
"Carex viridula var. elatior","Volume 23","Carex viridula var. elatior"
"Carex viridula var. saxilittoralis","Volume 23","Carex viridula var. saxilittoralis"
"Carex viridula var. viridula","Volume 23","Carex viridula var. viridula"
"Carex vulpinoidea","Volume 23","Carex vulpinoidea"
"Carex wiegandii","Volume 23","Carex wiegandii"
"Carex williamsii","Volume 23","Carex williamsii"
"Cassiope tetragona","Volume 8","Cassiope tetragona"
"Castilleja septentrionalis","Volume 17","Castilleja septentrionalis"
"Catabrosa","Volume 24","Catabrosa"
"Catabrosa aquatica","Volume 24","Catabrosa aquatica"
"Centaurea ×moncktonii","Volume 19","Centaurea ×moncktonii"
"Cerastium alpinum subsp. alpinum","Volume 5","Cerastium alpinum subsp. alpinum"
"Cerastium alpinum subsp. lanatum","Volume 5","Cerastium alpinum subsp. lanatum"
"Cerastium arvense subsp. strictum","Volume 5","Cerastium arvense subsp. strictum"
"Cerastium beeringianum","Volume 5","Cerastium beeringianum"
"Cerastium cerastoides","Volume 5","Cerastium cerastoides"
"Cerastium fontanum subsp. vulgare","Volume 5","Cerastium fontanum subsp. vulgare"
"Ceratodon purpureus subsp. purpureus","Volume 27","Ceratodon purpureus subsp. purpureus"
"Chamaedaphne calyculata","Volume 8","Chamaedaphne calyculata"
"Chenopodium album","Volume 4","Chenopodium album"
"Cichorium intybus","Volume 19","Cichorium intybus"
"Cinclidium stygium","Volume 28","Cinclidium stygium"
"Cinclidium subrotundum","Volume 28","Cinclidium subrotundum"
"Cinna","Volume 24","Cinna"
"Cinna latifolia","Volume 24","Cinna latifolia"
"Cirriphyllum piliferum","Volume 28","Cirriphyllum piliferum"
"Cirsium muticum","Volume 19","Cirsium muticum"
"Cladium mariscoides","Volume 23","Cladium mariscoides"
"Climacium dendroides","Volume 28","Climacium dendroides"
"Clintonia borealis","Volume 26","Clintonia borealis"
"Cochlearia groenlandica","Volume 7","Cochlearia groenlandica"
"Cochlearia tridactylites","Volume 7","Cochlearia tridactylites"
"Codriophorus acicularis","Volume 27","Codriophorus acicularis"
"Codriophorus fascicularis","Volume 27","Codriophorus fascicularis"
"Comandra umbellata subsp. umbellata","Volume 12","Comandra umbellata subsp. umbellata"
"Comarum palustre","Volume 9","Comarum palustre"
"Conostomum tetragonum","Volume 28","Conostomum tetragonum"
"Conringia orientalis","Volume 7","Conringia orientalis"
"Convallaria majalis var. majalis","Volume 26","Convallaria majalis var. majalis"
"Corallorhiza trifida","Volume 26","Corallorhiza trifida"
"Cornus canadensis","Volume 12","Cornus canadensis"
"Cornus sericea","Volume 12","Cornus sericea"
"Cornus suecica","Volume 12","Cornus suecica"
"Coscinodon cribrosus","Volume 27","Coscinodon cribrosus"
"Cratoneuron filicinum","Volume 28","Cratoneuron filicinum"
"Crepis nana","Volume 19","Crepis nana"
"Cynodontium polycarpon","Volume 27","Cynodontium polycarpon"
"Cynodontium strumiferum","Volume 27","Cynodontium strumiferum"
"Cynodontium tenellum","Volume 27","Cynodontium tenellum"
"Cypripedium parviflorum var. makasin","Volume 26","Cypripedium parviflorum var. makasin"
"Cypripedium parviflorum var. pubescens","Volume 26","Cypripedium parviflorum var. pubescens"
"Cyrtomnium hymenophylloides","Volume 28","Cyrtomnium hymenophylloides"
"Cyrtomnium hymenophyllum","Volume 28","Cyrtomnium hymenophyllum"
"Danthonia","Volume 25","Danthonia"
"Danthonia intermedia","Volume 25","Danthonia intermedia"
"Danthonia spicata","Volume 25","Danthonia spicata"
"Dasiphora fruticosa","Volume 9","Dasiphora fruticosa"
"Deschampsia","Volume 24","Deschampsia"
"Deschampsia cespitosa","Volume 24","Deschampsia cespitosa"
"Deschampsia cespitosa subsp. beringensis","Volume 24","Deschampsia cespitosa subsp. beringensis"
"Deschampsia cespitosa subsp. cespitosa","Volume 24","Deschampsia cespitosa subsp. cespitosa"
"Deschampsia cespitosa subsp. holciformis","Volume 24","Deschampsia cespitosa subsp. holciformis"
"Deschampsia flexuosa","Volume 24","Deschampsia flexuosa"
"Deschampsia mackenzieana","Volume 24","Deschampsia mackenzieana"
"Deschampsia sukatschewii","Volume 24","Deschampsia sukatschewii"
"Diapensia lapponica","Volume 8","Diapensia lapponica"
"Dichelyma falcatum","Volume 28","Dichelyma falcatum"
"Dichodontium pellucidum","Volume 27","Dichodontium pellucidum"
"Didymodon ferrugineus","Volume 27","Didymodon ferrugineus"
"Didymodon rigidulus var. gracilis","Volume 27","Didymodon rigidulus var. gracilis"
"Distichium capillaceum","Volume 27","Distichium capillaceum"
"Distichium inclinatum","Volume 27","Distichium inclinatum"
"Ditrichum flexicaule","Volume 27","Ditrichum flexicaule"
"Ditrichum gracile","Volume 27","Ditrichum gracile"
"Ditrichum lineare","Volume 27","Ditrichum lineare"
"Ditrichum pusillum","Volume 27","Ditrichum pusillum"
"Draba glabella","Volume 7","Draba glabella"
"Draba incana","Volume 7","Draba incana"
"Draba lactea","Volume 7","Draba lactea"
"Draba norvegica","Volume 7","Draba norvegica"
"Drepanocladus aduncus","Volume 28","Drepanocladus aduncus"
"Drepanocladus polygamus","Volume 28","Drepanocladus polygamus"
"Drosera anglica","Volume 6","Drosera anglica"
"Drosera intermedia","Volume 6","Drosera intermedia"
"Drosera rotundifolia","Volume 6","Drosera rotundifolia"
"Dryas integrifolia subsp. integrifolia","Volume 9","Dryas integrifolia subsp. integrifolia"
"Dulichium arundinaceum var. arundinaceum","Volume 23","Dulichium arundinaceum var. arundinaceum"
"Elatine minima","Volume 12","Elatine minima"
"Eleocharis acicularis","Volume 23","Eleocharis acicularis"
"Eleocharis elliptica","Volume 23","Eleocharis elliptica"
"Eleocharis kamtschatica","Volume 23","Eleocharis kamtschatica"
"Eleocharis nitida","Volume 23","Eleocharis nitida"
"Eleocharis ovata","Volume 23","Eleocharis ovata"
"Eleocharis palustris","Volume 23","Eleocharis palustris"
"Eleocharis parvula","Volume 23","Eleocharis parvula"
"Eleocharis quinqueflora","Volume 23","Eleocharis quinqueflora"
"Eleocharis uniglumis","Volume 23","Eleocharis uniglumis"
"Elodium blandowii","Volume 28","Elodium blandowii"
"Elymus","Volume 24","Elymus"
"Elymus ciliaris","Volume 24","Elymus ciliaris"
"Elymus curvatus","Volume 24","Elymus curvatus"
"Elymus dahuricus","Volume 24","Elymus dahuricus"
"Elymus pringlei","Volume 24","Elymus pringlei"
"Elymus repens","Volume 24","Elymus repens"
"Elymus sierrae","Volume 24","Elymus sierrae"
"Elymus trachycaulus","Volume 24","Elymus trachycaulus"
"Elymus trachycaulus subsp. subsecundus","Volume 24","Elymus trachycaulus subsp. subsecundus"
"Elymus trachycaulus subsp. trachycaulus","Volume 24","Elymus trachycaulus subsp. trachycaulus"
"Elymus trachycaulus subsp. virescens","Volume 24","Elymus trachycaulus subsp. virescens"
"Elymus tsukushiensis","Volume 24","Elymus tsukushiensis"
"Elymus violaceus","Volume 24","Elymus violaceus"
"Elymus ×pinalenoensis","Volume 24","Elymus ×pinalenoensis"
"Empetrum atropurpureum","Volume 8","Empetrum atropurpureum"
"Empetrum eamesii","Volume 8","Empetrum eamesii"
"Empetrum nigrum","Volume 8","Empetrum nigrum"
"Encalypta procera","Volume 27","Encalypta procera"
"Epigaea repens","Volume 8","Epigaea repens"
"Erigeron acris","Volume 20","Erigeron acris"
"Erigeron elatus","Volume 20","Erigeron elatus"
"Erigeron strigosus var. strigosus","Volume 20","Erigeron strigosus var. strigosus"
"Erigeron uniflorus","Volume 20","Erigeron uniflorus"
"Eriophorum angustifolium subsp. angustifolium","Volume 23","Eriophorum angustifolium subsp. angustifolium"
"Eriophorum brachyantherum","Volume 23","Eriophorum brachyantherum"
"Eriophorum callitrix","Volume 23","Eriophorum callitrix"
"Eriophorum chamissonis","Volume 23","Eriophorum chamissonis"
"Eriophorum gracile","Volume 23","Eriophorum gracile"
"Eriophorum scheuchzeri","Volume 23","Eriophorum scheuchzeri"
"Eriophorum tenellum","Volume 23","Eriophorum tenellum"
"Eriophorum vaginatum","Volume 23","Eriophorum vaginatum"
"Eriophorum virginicum","Volume 23","Eriophorum virginicum"
"Eriophorum viridicarinatum","Volume 23","Eriophorum viridicarinatum"
"Erucastrum gallicum","Volume 7","Erucastrum gallicum"
"Erythronium americanum subsp. americanum","Volume 26","Erythronium americanum subsp. americanum"
"Euphrasia arctica subsp. borealis","Volume 17","Euphrasia arctica subsp. borealis"
"Euphrasia disjuncta","Volume 17","Euphrasia disjuncta"
"Euphrasia frigida","Volume 17","Euphrasia frigida"
"Euphrasia oakesii var. oakesii","Volume 17","Euphrasia oakesii var. oakesii"
"Euphrasia oakesii var. williamsii","Volume 17","Euphrasia oakesii var. williamsii"
"Euphrasia ostenfeldii","Volume 17","Euphrasia ostenfeldii"
"Euphrasia randii","Volume 17","Euphrasia randii"
"Euphrasia suborbicularis","Volume 17","Euphrasia suborbicularis"
"Euphrasia vinacea","Volume 17","Euphrasia vinacea"
"Euphrasia wettsteinii","Volume 17","Euphrasia wettsteinii"
"Eurhynchiastrum pulchellum var. pulchellum","Volume 28","Eurhynchiastrum pulchellum var. pulchellum"
"Eurybia radula","Volume 20","Eurybia radula"
"Fallopia convolvulus","Volume 5","Fallopia convolvulus"
"Festuca","Volume 24","Festuca"
"Festuca altaica","Volume 24","Festuca altaica"
"Festuca amethystina","Volume 24","Festuca amethystina"
"Festuca brachyphylla","Volume 24","Festuca brachyphylla"
"Festuca brachyphylla subsp. brachyphylla","Volume 24","Festuca brachyphylla subsp. brachyphylla"
"Festuca brachyphylla subsp. breviculmis","Volume 24","Festuca brachyphylla subsp. breviculmis"
"Festuca brachyphylla subsp. coloradensis","Volume 24","Festuca brachyphylla subsp. coloradensis"
"Festuca filiformis","Volume 24","Festuca filiformis"
"Festuca frederikseniae","Volume 24","Festuca frederikseniae"
"Festuca glauca","Volume 24","Festuca glauca"
"Festuca prolifera","Volume 24","Festuca prolifera"
"Festuca roemeri","Volume 24","Festuca roemeri"
"Festuca rubra","Volume 24","Festuca rubra"
"Festuca rubra subsp. arctica","Volume 24","Festuca rubra subsp. arctica"
"Festuca rubra subsp. arenaria","Volume 24","Festuca rubra subsp. arenaria"
"Festuca rubra subsp. aucta","Volume 24","Festuca rubra subsp. aucta"
"Festuca rubra subsp. commutata","Volume 24","Festuca rubra subsp. commutata"
"Festuca rubra subsp. fallax","Volume 24","Festuca rubra subsp. fallax"
"Festuca rubra subsp. mediana","Volume 24","Festuca rubra subsp. mediana"
"Festuca rubra subsp. pruinosa","Volume 24","Festuca rubra subsp. pruinosa"
"Festuca rubra subsp. rubra","Volume 24","Festuca rubra subsp. rubra"
"Festuca rubra subsp. secunda","Volume 24","Festuca rubra subsp. secunda"
"Festuca rubra subsp. vallicola","Volume 24","Festuca rubra subsp. vallicola"
"Festuca saximontana","Volume 24","Festuca saximontana"
"Festuca saximontana var. robertsiana","Volume 24","Festuca saximontana var. robertsiana"
"Festuca saximontana var. saximontana","Volume 24","Festuca saximontana var. saximontana"
"Festuca sect. Breviaristatae","Volume 24","Festuca sect. Breviaristatae"
"Festuca sect. Elmera","Volume 24","Festuca sect. Elmera"
"Festuca sect. Festuca","Volume 24","Festuca sect. Festuca"
"Festuca sect. Subulatae","Volume 24","Festuca sect. Subulatae"
"Festuca sect. Subuliflorae","Volume 24","Festuca sect. Subuliflorae"
"Festuca sect. Texanae","Volume 24","Festuca sect. Texanae"
"Festuca subg. Festuca","Volume 24","Festuca subg. Festuca"
"Festuca subg. Montanae","Volume 24","Festuca subg. Montanae"
"Festuca subg. Obtusae","Volume 24","Festuca subg. Obtusae"
"Festuca subg. Subulatae","Volume 24","Festuca subg. Subulatae"
"Festuca trachyphylla","Volume 24","Festuca trachyphylla"
"Festuca viviparoidea","Volume 24","Festuca viviparoidea"
"Festuca viviparoidea subsp. krajinae","Volume 24","Festuca viviparoidea subsp. krajinae"
"Festuca viviparoidea subsp. viviparoidea","Volume 24","Festuca viviparoidea subsp. viviparoidea"
"Fontinalis antipyretica","Volume 28","Fontinalis antipyretica"
"Fontinalis dalecarlica","Volume 28","Fontinalis dalecarlica"
"Fragaria virginiana subsp. glauca","Volume 9","Fragaria virginiana subsp. glauca"
"Funaria hygrometrica var. hygrometrica","Volume 27","Funaria hygrometrica var. hygrometrica"
"Gaultheria hispidula","Volume 8","Gaultheria hispidula"
"Gemmabryum caespiticium","Volume 28","Gemmabryum caespiticium"
"Geocaulon lividum","Volume 12","Geocaulon lividum"
"Geum macrophyllum var. macrophyllum","Volume 9","Geum macrophyllum var. macrophyllum"
"Geum rivale","Volume 9","Geum rivale"
"Glyceria","Volume 24","Glyceria"
"Glyceria alnasteretum","Volume 24","Glyceria alnasteretum"
"Glyceria borealis","Volume 24","Glyceria borealis"
"Glyceria canadensis","Volume 24","Glyceria canadensis"
"Glyceria canadensis var. canadensis","Volume 24","Glyceria canadensis var. canadensis"
"Glyceria canadensis var. laxa","Volume 24","Glyceria canadensis var. laxa"
"Glyceria elata","Volume 24","Glyceria elata"
"Glyceria notata","Volume 24","Glyceria notata"
"Glyceria sect. Glyceria","Volume 24","Glyceria sect. Glyceria"
"Glyceria sect. Hydropoa","Volume 24","Glyceria sect. Hydropoa"
"Glyceria sect. Striatae","Volume 24","Glyceria sect. Striatae"
"Glyceria striata","Volume 24","Glyceria striata"
"Goodyera repens","Volume 26","Goodyera repens"
"Grimmia longirostris","Volume 27","Grimmia longirostris"
"Grimmia sessitana","Volume 27","Grimmia sessitana"
"Grimmia torquata","Volume 27","Grimmia torquata"
"Harrimanella hypnoides","Volume 8","Harrimanella hypnoides"
"Hedwigia ciliata","Volume 28","Hedwigia ciliata"
"Hennediella heimii var. heimii","Volume 27","Hennediella heimii var. heimii"
"Herzogiella striatella","Volume 28","Herzogiella striatella"
"Herzogiella turfacea","Volume 28","Herzogiella turfacea"
"Heterocladium dimorphum","Volume 28","Heterocladium dimorphum"
"Hieracium aurantiacum","Volume 19","Hieracium aurantiacum"
"Hieracium umbellatum","Volume 19","Hieracium umbellatum"
"Hieracium vulgatum","Volume 19","Hieracium vulgatum"
"Hippuris vulgaris","Volume 17","Hippuris vulgaris"
"Homalia trichomanoides var. trichomanoides","Volume 28","Homalia trichomanoides var. trichomanoides"
"Hordeum","Volume 24","Hordeum"
"Hordeum brachyantherum","Volume 24","Hordeum brachyantherum"
"Hordeum brachyantherum subsp. brachyantherum","Volume 24","Hordeum brachyantherum subsp. brachyantherum"
"Hordeum brachyantherum subsp. californicum","Volume 24","Hordeum brachyantherum subsp. californicum"
"Hordeum jubatum","Volume 24","Hordeum jubatum"
"Hordeum jubatum subsp. intermedium","Volume 24","Hordeum jubatum subsp. intermedium"
"Hordeum jubatum subsp. jubatum","Volume 24","Hordeum jubatum subsp. jubatum"
"Hordeum secalinum","Volume 24","Hordeum secalinum"
"Hygroamblystegium varium var. varium","Volume 28","Hygroamblystegium varium var. varium"
"Hygrohypnum alpestre","Volume 28","Hygrohypnum alpestre"
"Hygrohypnum duriusculum","Volume 28","Hygrohypnum duriusculum"
"Hygrohypnum luridum","Volume 28","Hygrohypnum luridum"
"Hygrohypnum ochraceum","Volume 28","Hygrohypnum ochraceum"
"Hygrohypnum smithii","Volume 28","Hygrohypnum smithii"
"Hylocomiastrum pyrenaicum","Volume 28","Hylocomiastrum pyrenaicum"
"Hylocomiastrum umbratum","Volume 28","Hylocomiastrum umbratum"
"Hylocomium splendens","Volume 28","Hylocomium splendens"
"Hymenostylium recurvirostrum var. recurvirostrum","Volume 27","Hymenostylium recurvirostrum var. recurvirostrum"
"Hypnum bambergeri","Volume 28","Hypnum bambergeri"
"Hypnum cupressiforme var. cupressiforme","Volume 28","Hypnum cupressiforme var. cupressiforme"
"Hypnum imponens","Volume 28","Hypnum imponens"
"Hypnum lindbergii","Volume 28","Hypnum lindbergii"
"Hypnum pallescens","Volume 28","Hypnum pallescens"
"Hypnum plicatulum","Volume 28","Hypnum plicatulum"
"Hypnum recurvatum","Volume 28","Hypnum recurvatum"
"Hypnum revolutum var. revolutum","Volume 28","Hypnum revolutum var. revolutum"
"Hypnum vaucheri","Volume 28","Hypnum vaucheri"
"Imbribryum alpinum","Volume 28","Imbribryum alpinum"
"Imbribryum miniatum","Volume 28","Imbribryum miniatum"
"Imbribryum muehlenbeckii","Volume 28","Imbribryum muehlenbeckii"
"Iris hookeri","Volume 26","Iris hookeri"
"Iris versicolor","Volume 26","Iris versicolor"
"Isopterygiopsis muelleriana","Volume 28","Isopterygiopsis muelleriana"
"Isopterygiopsis pulchella","Volume 28","Isopterygiopsis pulchella"
"Juncus alpinoarticulatus","Volume 22","Juncus alpinoarticulatus"
"Juncus anthelatus","Volume 22","Juncus anthelatus"
"Juncus arcticus var. balticus","Volume 22","Juncus arcticus var. balticus"
"Juncus brevicaudatus","Volume 22","Juncus brevicaudatus"
"Juncus bufonius","Volume 22","Juncus bufonius"
"Juncus dudleyi","Volume 22","Juncus dudleyi"
"Juncus filiformis","Volume 22","Juncus filiformis"
"Juncus nodosus","Volume 22","Juncus nodosus"
"Juncus stygius var. americanus","Volume 22","Juncus stygius var. americanus"
"Juncus subtilis","Volume 22","Juncus subtilis"
"Juncus trifidus","Volume 22","Juncus trifidus"
"Juncus triglumis var. albescens","Volume 22","Juncus triglumis var. albescens"
"Kalmia procumbens","Volume 8","Kalmia procumbens"
"Kobresia myosuroides","Volume 23","Kobresia myosuroides"
"Kobresia simpliciuscula","Volume 23","Kobresia simpliciuscula"
"Lactuca biennis","Volume 19","Lactuca biennis"
"Lemna turionifera","Volume 22","Lemna turionifera"
"Lepidium densiflorum","Volume 7","Lepidium densiflorum"
"Leptobryum pyriforme","Volume 28","Leptobryum pyriforme"
"Leptodictyum riparium","Volume 28","Leptodictyum riparium"
"Lescuraea saxicola","Volume 28","Lescuraea saxicola"
"Leskeella nervosa","Volume 28","Leskeella nervosa"
"Leymus","Volume 24","Leymus"
"Leymus californicus","Volume 24","Leymus californicus"
"Leymus mollis","Volume 24","Leymus mollis"
"Leymus mollis subsp. mollis","Volume 24","Leymus mollis subsp. mollis"
"Leymus mollis subsp. villosissimus","Volume 24","Leymus mollis subsp. villosissimus"
"Leymus salina","Volume 24","Leymus salina"
"Leymus salina subsp. mojavensis","Volume 24","Leymus salina subsp. mojavensis"
"Leymus salina subsp. salina","Volume 24","Leymus salina subsp. salina"
"Leymus salina subsp. salmonis","Volume 24","Leymus salina subsp. salmonis"
"Limosella aquatica","Volume 17","Limosella aquatica"
"Limosella australis","Volume 17","Limosella australis"
"Linaria vulgaris","Volume 17","Linaria vulgaris"
"Listera auriculata","Volume 26","Listera auriculata"
"Listera borealis","Volume 26","Listera borealis"
"Listera cordata var. cordata","Volume 26","Listera cordata var. cordata"
"Loeskypnum badium","Volume 28","Loeskypnum badium"
"Loeskypnum wickesiae","Volume 28","Loeskypnum wickesiae"
"Luzula multiflora","Volume 22","Luzula multiflora"
"Luzula parviflora","Volume 22","Luzula parviflora"
"Luzula spicata","Volume 22","Luzula spicata"
"Lysimachia terrestris","Volume 8","Lysimachia terrestris"
"Maianthemum canadense","Volume 26","Maianthemum canadense"
"Maianthemum trifolium","Volume 26","Maianthemum trifolium"
"Malaxis monophyllos var. brachypoda","Volume 26","Malaxis monophyllos var. brachypoda"
"Matricaria discoidea","Volume 19","Matricaria discoidea"
"Meesia longiseta","Volume 28","Meesia longiseta"
"Meesia triquetra","Volume 28","Meesia triquetra"
"Meesia uliginosa","Volume 28","Meesia uliginosa"
"Micranthes foliolosa","Volume 8","Micranthes foliolosa"
"Mielichhoferia elongata","Volume 28","Mielichhoferia elongata"
"Milium","Volume 24","Milium"
"Milium effusum","Volume 24","Milium effusum"
"Minuartia dawsonensis","Volume 5","Minuartia dawsonensis"
"Minuartia groenlandica","Volume 5","Minuartia groenlandica"
"Minuartia rubella","Volume 5","Minuartia rubella"
"Mitella nuda","Volume 8","Mitella nuda"
"Mnium hornum","Volume 28","Mnium hornum"
"Mnium lycopodioides","Volume 28","Mnium lycopodioides"
"Mnium marginatum","Volume 28","Mnium marginatum"
"Mnium spinulosum","Volume 28","Mnium spinulosum"
"Mnium stellare","Volume 28","Mnium stellare"
"Mnium thomsonii","Volume 28","Mnium thomsonii"
"Moehringia lateriflora","Volume 5","Moehringia lateriflora"
"Moneses uniflora","Volume 8","Moneses uniflora"
"Monotropa uniflora","Volume 8","Monotropa uniflora"
"Montia fontana","Volume 4","Montia fontana"
"Muhlenbergia","Volume 25","Muhlenbergia"
"Muhlenbergia diversiglumis","Volume 25","Muhlenbergia diversiglumis"
"Muhlenbergia glabrifloris","Volume 25","Muhlenbergia glabrifloris"
"Muhlenbergia sericea","Volume 25","Muhlenbergia sericea"
"Muhlenbergia uniflora","Volume 25","Muhlenbergia uniflora"
"Myurella julacea","Volume 28","Myurella julacea"
"Myurella sibirica","Volume 28","Myurella sibirica"
"Myurella tenerrima","Volume 28","Myurella tenerrima"
"Neckera complanata","Volume 28","Neckera complanata"
"Neckera pennata","Volume 28","Neckera pennata"
"Niphotrichum canescens subsp. canescens","Volume 27","Niphotrichum canescens subsp. canescens"
"Niphotrichum ericoides","Volume 27","Niphotrichum ericoides"
"Oclemena nemoralis","Volume 20","Oclemena nemoralis"
"Omalotheca norvegica","Volume 19","Omalotheca norvegica"
"Omalotheca supina","Volume 19","Omalotheca supina"
"Orthilia secunda","Volume 8","Orthilia secunda"
"Orthothecium chryseum var. chryseum","Volume 28","Orthothecium chryseum var. chryseum"
"Orthotrichum alpestre","Volume 28","Orthotrichum alpestre"
"Orthotrichum anomalum","Volume 28","Orthotrichum anomalum"
"Orthotrichum elegans","Volume 28","Orthotrichum elegans"
"Orthotrichum obtusifolium","Volume 28","Orthotrichum obtusifolium"
"Orthotrichum pylaisii","Volume 28","Orthotrichum pylaisii"
"Orthotrichum sordidum","Volume 28","Orthotrichum sordidum"
"Orthotrichum speciosum","Volume 28","Orthotrichum speciosum"
"Oxalis montana","Volume 12","Oxalis montana"
"Oxyria digyna","Volume 5","Oxyria digyna"
"Packera aurea","Volume 20","Packera aurea"
"Packera pauciflora","Volume 20","Packera pauciflora"
"Packera paupercula","Volume 20","Packera paupercula"
"Paludella squarrosa","Volume 28","Paludella squarrosa"
"Palustriella falcata","Volume 28","Palustriella falcata"
"Parnassia kotzebuei","Volume 12","Parnassia kotzebuei"
"Parnassia palustris","Volume 12","Parnassia palustris"
"Parnassia parviflora","Volume 12","Parnassia parviflora"
"Pedicularis flammea","Volume 17","Pedicularis flammea"
"Persicaria amphibia","Volume 5","Persicaria amphibia"
"Persicaria lapathifolia","Volume 5","Persicaria lapathifolia"
"Persicaria maculosa","Volume 5","Persicaria maculosa"
"Petasites frigidus","Volume 20","Petasites frigidus"
"Petasites frigidus var. palmatus","Volume 20","Petasites frigidus var. palmatus"
"Philonotis fontana var. fontana","Volume 28","Philonotis fontana var. fontana"
"Phleum","Volume 24","Phleum"
"Phleum alpinum","Volume 24","Phleum alpinum"
"Phleum phleoides","Volume 24","Phleum phleoides"
"Phleum pratense","Volume 24","Phleum pratense"
"Phyllodoce caerulea","Volume 8","Phyllodoce caerulea"
"Physaria arctica","Volume 7","Physaria arctica"
"Plagiobryum demissum","Volume 28","Plagiobryum demissum"
"Plagiobryum zieri","Volume 28","Plagiobryum zieri"
"Plagiomnium ciliare","Volume 28","Plagiomnium ciliare"
"Plagiomnium cuspidatum","Volume 28","Plagiomnium cuspidatum"
"Plagiomnium ellipticum","Volume 28","Plagiomnium ellipticum"
"Plagiomnium medium","Volume 28","Plagiomnium medium"
"Plagiomnium rostratum","Volume 28","Plagiomnium rostratum"
"Plagiopus oederianus","Volume 28","Plagiopus oederianus"
"Plagiothecium cavifolium","Volume 28","Plagiothecium cavifolium"
"Plagiothecium denticulatum","Volume 28","Plagiothecium denticulatum"
"Plagiothecium laetum","Volume 28","Plagiothecium laetum"
"Plantago major","Volume 17","Plantago major"
"Plantago maritima","Volume 17","Plantago maritima"
"Platanthera aquilonis","Volume 26","Platanthera aquilonis"
"Platanthera dilatata var. dilatata","Volume 26","Platanthera dilatata var. dilatata"
"Platanthera huronensis","Volume 26","Platanthera huronensis"
"Platanthera macrophylla","Volume 26","Platanthera macrophylla"
"Platanthera obtusata","Volume 26","Platanthera obtusata"
"Platydictya confervoides","Volume 28","Platydictya confervoides"
"Platydictya jungermannioides","Volume 28","Platydictya jungermannioides"
"Platydictya subtilis","Volume 28","Platydictya subtilis"
"Pleurozium schreberi","Volume 28","Pleurozium schreberi"
"Poa","Volume 24","Poa"
"Poa alpina","Volume 24","Poa alpina"
"Poa alpina subsp. alpina","Volume 24","Poa alpina subsp. alpina"
"Poa alpina subsp. vivipara","Volume 24","Poa alpina subsp. vivipara"
"Poa annua","Volume 24","Poa annua"
"Poa arctica","Volume 24","Poa arctica"
"Poa arctica subsp. aperta","Volume 24","Poa arctica subsp. aperta"
"Poa arctica subsp. arctica","Volume 24","Poa arctica subsp. arctica"
"Poa arctica subsp. caespitans","Volume 24","Poa arctica subsp. caespitans"
"Poa arctica subsp. grayana","Volume 24","Poa arctica subsp. grayana"
"Poa arctica subsp. lanata","Volume 24","Poa arctica subsp. lanata"
"Poa compressa","Volume 24","Poa compressa"
"Poa diaboli","Volume 24","Poa diaboli"
"Poa eminens","Volume 24","Poa eminens"
"Poa glauca","Volume 24","Poa glauca"
"Poa glauca subsp. glauca","Volume 24","Poa glauca subsp. glauca"
"Poa glauca subsp. rupicola","Volume 24","Poa glauca subsp. rupicola"
"Poa glauca var. pekulnejensis","Volume 24","Poa glauca var. pekulnejensis"
"Poa interior","Volume 24","Poa interior"
"Poa laxa","Volume 24","Poa laxa"
"Poa laxa subsp. banffiana","Volume 24","Poa laxa subsp. banffiana"
"Poa laxa subsp. fernaldiana","Volume 24","Poa laxa subsp. fernaldiana"
"Poa nemoralis","Volume 24","Poa nemoralis"
"Poa palustris","Volume 24","Poa palustris"
"Poa pratensis","Volume 24","Poa pratensis"
"Poa pratensis subsp. agassizensis","Volume 24","Poa pratensis subsp. agassizensis"
"Poa pratensis subsp. alpigena","Volume 24","Poa pratensis subsp. alpigena"
"Poa pratensis subsp. angustifolia","Volume 24","Poa pratensis subsp. angustifolia"
"Poa pratensis subsp. colpodea","Volume 24","Poa pratensis subsp. colpodea"
"Poa pratensis subsp. irrigata","Volume 24","Poa pratensis subsp. irrigata"
"Poa pratensis subsp. pratensis","Volume 24","Poa pratensis subsp. pratensis"
"Poa sect. Abbreviatae","Volume 24","Poa sect. Abbreviatae"
"Poa sect. Alpinae","Volume 24","Poa sect. Alpinae"
"Poa sect. Arctopoa","Volume 24","Poa sect. Arctopoa"
"Poa sect. Arenariae","Volume 24","Poa sect. Arenariae"
"Poa sect. Dioicopoa","Volume 24","Poa sect. Dioicopoa"
"Poa sect. Homalopoa","Volume 24","Poa sect. Homalopoa"
"Poa sect. Madropoa","Volume 24","Poa sect. Madropoa"
"Poa sect. Micrantherae","Volume 24","Poa sect. Micrantherae"
"Poa sect. Oreinos","Volume 24","Poa sect. Oreinos"
"Poa sect. Pandemos","Volume 24","Poa sect. Pandemos"
"Poa sect. Poa","Volume 24","Poa sect. Poa"
"Poa sect. Secundae","Volume 24","Poa sect. Secundae"
"Poa sect. Stenopoa","Volume 24","Poa sect. Stenopoa"
"Poa sect. Sylvestres","Volume 24","Poa sect. Sylvestres"
"Poa sect. Tichopoa","Volume 24","Poa sect. Tichopoa"
"Poa subg. Arctopoa","Volume 24","Poa subg. Arctopoa"
"Poa subg. Poa","Volume 24","Poa subg. Poa"
"Poa sublanata","Volume 24","Poa sublanata"
"Poa subsect. Epiles","Volume 24","Poa subsect. Epiles"
"Poa subsect. Halophytae","Volume 24","Poa subsect. Halophytae"
"Poa subsect. Madropoa","Volume 24","Poa subsect. Madropoa"
"Poa subsect. Poa","Volume 24","Poa subsect. Poa"
"Poa subsect. Secundae","Volume 24","Poa subsect. Secundae"
"Poa supina","Volume 24","Poa supina"
"Poa ×gaspensis","Volume 24","Poa ×gaspensis"
"Pogonatum dentatum","Volume 27","Pogonatum dentatum"
"Pogonatum urnigerum","Volume 27","Pogonatum urnigerum"
"Pohlia andalusica","Volume 28","Pohlia andalusica"
"Pohlia annotina","Volume 28","Pohlia annotina"
"Pohlia atropurpurea","Volume 28","Pohlia atropurpurea"
"Pohlia bulbifera","Volume 28","Pohlia bulbifera"
"Pohlia cruda","Volume 28","Pohlia cruda"
"Pohlia drummondii","Volume 28","Pohlia drummondii"
"Pohlia elongata","Volume 28","Pohlia elongata"
"Pohlia lescuriana","Volume 28","Pohlia lescuriana"
"Pohlia longicolla","Volume 28","Pohlia longicolla"
"Pohlia nutans","Volume 28","Pohlia nutans"
"Pohlia obtusifolia","Volume 28","Pohlia obtusifolia"
"Pohlia proligera","Volume 28","Pohlia proligera"
"Pohlia wahlenbergii","Volume 28","Pohlia wahlenbergii"
"Polygonum aviculare","Volume 5","Polygonum aviculare"
"Polygonum aviculare subsp. buxiforme","Volume 5","Polygonum aviculare subsp. buxiforme"
"Polygonum aviculare subsp. depressum","Volume 5","Polygonum aviculare subsp. depressum"
"Polygonum fowleri subsp. fowleri","Volume 5","Polygonum fowleri subsp. fowleri"
"Polygonum fowleri subsp. hudsonianum","Volume 5","Polygonum fowleri subsp. hudsonianum"
"Polytrichastrum longisetum","Volume 27","Polytrichastrum longisetum"
"Polytrichastrum pallidisetum","Volume 27","Polytrichastrum pallidisetum"
"Polytrichastrum sexangulare var. sexangulare","Volume 27","Polytrichastrum sexangulare var. sexangulare"
"Polytrichum commune var. commune","Volume 27","Polytrichum commune var. commune"
"Polytrichum juniperinum","Volume 27","Polytrichum juniperinum"
"Polytrichum piliferum","Volume 27","Polytrichum piliferum"
"Polytrichum strictum","Volume 27","Polytrichum strictum"
"Potamogeton alpinus","Volume 22","Potamogeton alpinus"
"Potamogeton confervoides","Volume 22","Potamogeton confervoides"
"Potamogeton epihydrus","Volume 22","Potamogeton epihydrus"
"Potamogeton gramineus","Volume 22","Potamogeton gramineus"
"Potamogeton oakesianus","Volume 22","Potamogeton oakesianus"
"Potamogeton perfoliatus","Volume 22","Potamogeton perfoliatus"
"Potamogeton pusillus subsp. tenuissimus","Volume 22","Potamogeton pusillus subsp. tenuissimus"
"Potentilla anglica","Volume 9","Potentilla anglica"
"Potentilla anserina","Volume 9","Potentilla anserina"
"Potentilla anserina subsp. anserina","Volume 9","Potentilla anserina subsp. anserina"
"Potentilla anserina subsp. pacifica","Volume 9","Potentilla anserina subsp. pacifica"
"Potentilla crantzii","Volume 9","Potentilla crantzii"
"Potentilla glaucophylla","Volume 9","Potentilla glaucophylla"
"Potentilla hyparctica","Volume 9","Potentilla hyparctica"
"Potentilla nivea","Volume 9","Potentilla nivea"
"Potentilla norvegica","Volume 9","Potentilla norvegica"
"Potentilla pulchella","Volume 9","Potentilla pulchella"
"Prenanthes trifoliolata","Volume 19","Prenanthes trifoliolata"
"Primula egaliksensis","Volume 8","Primula egaliksensis"
"Primula laurentiana","Volume 8","Primula laurentiana"
"Primula mistassinica","Volume 8","Primula mistassinica"
"Primula stricta","Volume 8","Primula stricta"
"Prunus pensylvanica","Volume 9","Prunus pensylvanica"
"Pseudobryum cinclidioides","Volume 28","Pseudobryum cinclidioides"
"Pseudocalliergon trifarium","Volume 28","Pseudocalliergon trifarium"
"Pseudocalliergon turgescens","Volume 28","Pseudocalliergon turgescens"
"Pseudocampylium radicale","Volume 28","Pseudocampylium radicale"
"Pseudoleskea incurvata var. incurvata","Volume 28","Pseudoleskea incurvata var. incurvata"
"Pseudoleskea patens","Volume 28","Pseudoleskea patens"
"Pseudoleskea radicosa var. compacta","Volume 28","Pseudoleskea radicosa var. compacta"
"Pseudoleskea radicosa var. radicosa","Volume 28","Pseudoleskea radicosa var. radicosa"
"Pseudoleskea stenophylla","Volume 28","Pseudoleskea stenophylla"
"Pseudoleskeella rupestris","Volume 28","Pseudoleskeella rupestris"
"Pseudoleskeella tectorum","Volume 28","Pseudoleskeella tectorum"
"Pseudotaxiphyllum elegans","Volume 28","Pseudotaxiphyllum elegans"
"Pterigynandrum filiforme","Volume 28","Pterigynandrum filiforme"
"Ptilium crista-castrensis","Volume 28","Ptilium crista-castrensis"
"Ptychostomum acutiforme","Volume 28","Ptychostomum acutiforme"
"Ptychostomum arcticum","Volume 28","Ptychostomum arcticum"
"Ptychostomum bimum","Volume 28","Ptychostomum bimum"
"Ptychostomum cernuum","Volume 28","Ptychostomum cernuum"
"Ptychostomum creberrimum","Volume 28","Ptychostomum creberrimum"
"Ptychostomum cyclophyllum","Volume 28","Ptychostomum cyclophyllum"
"Ptychostomum inclinatum","Volume 28","Ptychostomum inclinatum"
"Ptychostomum knowltonii","Volume 28","Ptychostomum knowltonii"
"Ptychostomum longisetum","Volume 28","Ptychostomum longisetum"
"Ptychostomum neodamense","Volume 28","Ptychostomum neodamense"
"Ptychostomum pallens","Volume 28","Ptychostomum pallens"
"Ptychostomum pallescens","Volume 28","Ptychostomum pallescens"
"Ptychostomum pendulum","Volume 28","Ptychostomum pendulum"
"Ptychostomum pseudotriquetrum","Volume 28","Ptychostomum pseudotriquetrum"
"Ptychostomum salinum","Volume 28","Ptychostomum salinum"
"Ptychostomum turbinatum","Volume 28","Ptychostomum turbinatum"
"Ptychostomum weigelii","Volume 28","Ptychostomum weigelii"
"Puccinellia","Volume 24","Puccinellia"
"Puccinellia distans","Volume 24","Puccinellia distans"
"Puccinellia nutkaensis","Volume 24","Puccinellia nutkaensis"
"Puccinellia phryganodes","Volume 24","Puccinellia phryganodes"
"Puccinellia pumila","Volume 24","Puccinellia pumila"
"Puccinellia tenella","Volume 24","Puccinellia tenella"
"Pylaisia polyantha","Volume 28","Pylaisia polyantha"
"Pylaisiadelpha tenuirostris","Volume 28","Pylaisiadelpha tenuirostris"
"Pyrola asarifolia subsp. asarifolia","Volume 8","Pyrola asarifolia subsp. asarifolia"
"Pyrola chlorantha","Volume 8","Pyrola chlorantha"
"Pyrola minor","Volume 8","Pyrola minor"
"Racomitrium lanuginosum","Volume 27","Racomitrium lanuginosum"
"Raphanus raphanistrum","Volume 7","Raphanus raphanistrum"
"Raphanus sativus","Volume 7","Raphanus sativus"
"Rhinanthus minor subsp. groenlandicus","Volume 17","Rhinanthus minor subsp. groenlandicus"
"Rhinanthus minor subsp. minor","Volume 17","Rhinanthus minor subsp. minor"
"Rhizomnium andrewsianum","Volume 28","Rhizomnium andrewsianum"
"Rhizomnium appalachianum","Volume 28","Rhizomnium appalachianum"
"Rhizomnium gracile","Volume 28","Rhizomnium gracile"
"Rhizomnium magnifolium","Volume 28","Rhizomnium magnifolium"
"Rhizomnium pseudopunctatum","Volume 28","Rhizomnium pseudopunctatum"
"Rhizomnium punctatum","Volume 28","Rhizomnium punctatum"
"Rhodiola rosea","Volume 8","Rhodiola rosea"
"Rhynchospora capillacea","Volume 23","Rhynchospora capillacea"
"Rhynchospora fusca","Volume 23","Rhynchospora fusca"
"Rhytidiadelphus subpinnatus","Volume 28","Rhytidiadelphus subpinnatus"
"Rhytidiadelphus triquetrus","Volume 28","Rhytidiadelphus triquetrus"
"Rhytidium rugosum","Volume 28","Rhytidium rugosum"
"Ribes glandulosum","Volume 8","Ribes glandulosum"
"Ribes lacustre","Volume 8","Ribes lacustre"
"Ribes triste","Volume 8","Ribes triste"
"Ribes uva-crispa","Volume 8","Ribes uva-crispa"
"Rorippa palustris subsp. hispida","Volume 7","Rorippa palustris subsp. hispida"
"Rorippa palustris subsp. palustris","Volume 7","Rorippa palustris subsp. palustris"
"Rosulabryum capillare","Volume 28","Rosulabryum capillare"
"Rubus arcticus subsp. acaulis","Volume 9","Rubus arcticus subsp. acaulis"
"Rubus chamaemorus","Volume 9","Rubus chamaemorus"
"Rubus idaeus subsp. strigosus","Volume 9","Rubus idaeus subsp. strigosus"
"Rubus pubescens","Volume 9","Rubus pubescens"
"Sagina caespitosa","Volume 5","Sagina caespitosa"
"Salix arctica","Volume 7","Salix arctica"
"Salix arctophila","Volume 7","Salix arctophila"
"Salix argyrocarpa","Volume 7","Salix argyrocarpa"
"Salix ballii","Volume 7","Salix ballii"
"Salix bebbiana","Volume 7","Salix bebbiana"
"Salix calcicola var. calcicola","Volume 7","Salix calcicola var. calcicola"
"Salix candida","Volume 7","Salix candida"
"Salix cordata","Volume 7","Salix cordata"
"Salix discolor","Volume 7","Salix discolor"
"Salix glauca var. cordifolia","Volume 7","Salix glauca var. cordifolia"
"Salix herbacea","Volume 7","Salix herbacea"
"Salix humilis var. humilis","Volume 7","Salix humilis var. humilis"
"Salix lucida","Volume 7","Salix lucida"
"Salix pedicellaris","Volume 7","Salix pedicellaris"
"Salix pellita","Volume 7","Salix pellita"
"Salix planifolia","Volume 7","Salix planifolia"
"Salix pyrifolia","Volume 7","Salix pyrifolia"
"Salix reticulata","Volume 7","Salix reticulata"
"Salix serissima","Volume 7","Salix serissima"
"Salix uva-ursi","Volume 7","Salix uva-ursi"
"Salix vestita","Volume 7","Salix vestita"
"Salsola tragus","Volume 4","Salsola tragus"
"Sanguisorba canadensis","Volume 9","Sanguisorba canadensis"
"Sanionia uncinata","Volume 28","Sanionia uncinata"
"Sarmentypnum exannulatum","Volume 28","Sarmentypnum exannulatum"
"Sarmentypnum sarmentosum","Volume 28","Sarmentypnum sarmentosum"
"Sarracenia purpurea subsp. purpurea","Volume 8","Sarracenia purpurea subsp. purpurea"
"Saxifraga aizoides","Volume 8","Saxifraga aizoides"
"Saxifraga cespitosa","Volume 8","Saxifraga cespitosa"
"Saxifraga oppositifolia subsp. oppositifolia","Volume 8","Saxifraga oppositifolia subsp. oppositifolia"
"Saxifraga paniculata","Volume 8","Saxifraga paniculata"
"Saxifraga rivularis subsp. rivularis","Volume 8","Saxifraga rivularis subsp. rivularis"
"Schedonorus","Volume 24","Schedonorus"
"Schedonorus pratensis","Volume 24","Schedonorus pratensis"
"Scheuchzeria palustris","Volume 22","Scheuchzeria palustris"
"Schizachne","Volume 24","Schizachne"
"Schizachne purpurascens","Volume 24","Schizachne purpurascens"
"Schoenoplectus pungens","Volume 23","Schoenoplectus pungens"
"Schoenoplectus subterminalis","Volume 23","Schoenoplectus subterminalis"
"Schoenoplectus tabernaemontani","Volume 23","Schoenoplectus tabernaemontani"
"Scirpus atrocinctus","Volume 23","Scirpus atrocinctus"
"Scirpus cyperinus","Volume 23","Scirpus cyperinus"
"Scirpus hattorianus","Volume 23","Scirpus hattorianus"
"Scirpus microcarpus","Volume 23","Scirpus microcarpus"
"Sciuro-hypnum plumosum","Volume 28","Sciuro-hypnum plumosum"
"Sciuro-hypnum populeum","Volume 28","Sciuro-hypnum populeum"
"Sciuro-hypnum reflexum","Volume 28","Sciuro-hypnum reflexum"
"Scorpidium revolvens","Volume 28","Scorpidium revolvens"
"Scorpidium scorpioides","Volume 28","Scorpidium scorpioides"
"Senecio pseudoarnica","Volume 20","Senecio pseudoarnica"
"Senecio vulgaris","Volume 20","Senecio vulgaris"
"Sibbaldia procumbens","Volume 9","Sibbaldia procumbens"
"Sibbaldiopsis tridentata","Volume 9","Sibbaldiopsis tridentata"
"Silene acaulis","Volume 5","Silene acaulis"
"Silene suecica","Volume 5","Silene suecica"
"Sinapis arvensis","Volume 7","Sinapis arvensis"
"Solidago macrophylla","Volume 20","Solidago macrophylla"
"Solidago multiradiata","Volume 20","Solidago multiradiata"
"Solidago rugosa var. rugosa","Volume 20","Solidago rugosa var. rugosa"
"Solidago uliginosa","Volume 20","Solidago uliginosa"
"Sonchus asper","Volume 19","Sonchus asper"
"Sorbus decora","Volume 9","Sorbus decora"
"Sparganium angustifolium","Volume 22","Sparganium angustifolium"
"Sparganium emersum","Volume 22","Sparganium emersum"
"Sparganium hyperboreum","Volume 22","Sparganium hyperboreum"
"Sparganium natans","Volume 22","Sparganium natans"
"Spiraea alba var. latifolia","Volume 9","Spiraea alba var. latifolia"
"Splachnum ampullaceum","Volume 28","Splachnum ampullaceum"
"Splachnum sphaericum","Volume 28","Splachnum sphaericum"
"Splachnum vasculosum","Volume 28","Splachnum vasculosum"
"Stellaria borealis subsp. borealis","Volume 5","Stellaria borealis subsp. borealis"
"Stellaria crassifolia","Volume 5","Stellaria crassifolia"
"Stellaria graminea","Volume 5","Stellaria graminea"
"Stellaria humifusa","Volume 5","Stellaria humifusa"
"Stellaria longifolia","Volume 5","Stellaria longifolia"
"Stellaria longipes subsp. longipes","Volume 5","Stellaria longipes subsp. longipes"
"Stellaria media","Volume 5","Stellaria media"
"Straminergon stramineum","Volume 28","Straminergon stramineum"
"Streptopus amplexifolius","Volume 26","Streptopus amplexifolius"
"Streptopus lanceolatus","Volume 26","Streptopus lanceolatus"
"Stuckenia filiformis subsp. alpina","Volume 22","Stuckenia filiformis subsp. alpina"
"Stuckenia filiformis subsp. occidentalis","Volume 22","Stuckenia filiformis subsp. occidentalis"
"Subularia aquatica subsp. americana","Volume 7","Subularia aquatica subsp. americana"
"Symphyotrichum novi-belgii var. novibelgii","Volume 20","Symphyotrichum novi-belgii var. novibelgii"
"Symphyotrichum puniceum var. puniceum","Volume 20","Symphyotrichum puniceum var. puniceum"
"Taraxacum ceratophorum","Volume 19","Taraxacum ceratophorum"
"Taraxacum lapponicum","Volume 19","Taraxacum lapponicum"
"Taraxacum officinale","Volume 19","Taraxacum officinale"
"Tayloria lingulata","Volume 28","Tayloria lingulata"
"Tayloria serrata","Volume 28","Tayloria serrata"
"Tetraphis geniculata","Volume 27","Tetraphis geniculata"
"Tetraphis pellucida var. pellucida","Volume 27","Tetraphis pellucida var. pellucida"
"Tetraplodon angustatus","Volume 28","Tetraplodon angustatus"
"Tetraplodon mnioides","Volume 28","Tetraplodon mnioides"
"Tetraplodon pallidus","Volume 28","Tetraplodon pallidus"
"Thlaspi arvense","Volume 7","Thlaspi arvense"
"Tofieldia pusilla","Volume 26","Tofieldia pusilla"
"Tomentypnum falcifolium","Volume 28","Tomentypnum falcifolium"
"Tomentypnum nitens","Volume 28","Tomentypnum nitens"
"Torreyochloa","Volume 24","Torreyochloa"
"Torreyochloa pallida","Volume 24","Torreyochloa pallida"
"Torreyochloa pallida var. fernaldii","Volume 24","Torreyochloa pallida var. fernaldii"
"Tortula hoppeana","Volume 27","Tortula hoppeana"
"Tortula leucostoma","Volume 27","Tortula leucostoma"
"Trematodon ambiguus","Volume 27","Trematodon ambiguus"
"Triadenum fraseri","Volume 6","Triadenum fraseri"
"Triantha glutinosa","Volume 26","Triantha glutinosa"
"Trichophorum alpinum","Volume 23","Trichophorum alpinum"
"Trichophorum cespitosum","Volume 23","Trichophorum cespitosum"
"Trientalis borealis","Volume 8","Trientalis borealis"
"Triglochin maritima","Volume 22","Triglochin maritima"
"Triglochin palustris","Volume 22","Triglochin palustris"
"Tripleurospermum inodorum","Volume 19","Tripleurospermum inodorum"
"Trisetum","Volume 24","Trisetum"
"Trisetum cernuum","Volume 24","Trisetum cernuum"
"Trisetum spicatum","Volume 24","Trisetum spicatum"
"Ulota curvifolia","Volume 28","Ulota curvifolia"
"Ulota phyllantha","Volume 28","Ulota phyllantha"
"Vaccinium angustifolium","Volume 8","Vaccinium angustifolium"
"Vaccinium boreale","Volume 8","Vaccinium boreale"
"Vaccinium cespitosum","Volume 8","Vaccinium cespitosum"
"Vaccinium oxycoccos","Volume 8","Vaccinium oxycoccos"
"Vaccinium vitis-idaea","Volume 8","Vaccinium vitis-idaea"
"Vahlodea","Volume 24","Vahlodea"
"Vahlodea atropurpurea","Volume 24","Vahlodea atropurpurea"
"Veratrum viride var. viride","Volume 26","Veratrum viride var. viride"
"Veronica scutellata","Volume 17","Veronica scutellata"
"Veronica serpyllifolia","Volume 17","Veronica serpyllifolia"
"Veronica wormskjoldii subsp. wormskjoldii","Volume 17","Veronica wormskjoldii subsp. wormskjoldii"
"Viola adunca var. adunca","Volume 6","Viola adunca var. adunca"
"Viola arvensis","Volume 6","Viola arvensis"
"Viola blanda","Volume 6","Viola blanda"
"Viola labradorica","Volume 6","Viola labradorica"
"Viola macloskeyi","Volume 6","Viola macloskeyi"
"Viola palustris","Volume 6","Viola palustris"
"Viola renifolia","Volume 6","Viola renifolia"
"Viola selkirkii","Volume 6","Viola selkirkii"
"Warnstorfia fluitans","Volume 28","Warnstorfia fluitans"
"Warnstorfia pseudostraminea","Volume 28","Warnstorfia pseudostraminea"
"Weissia controversa","Volume 27","Weissia controversa"
