"","Volume","Taxon name"
"Abies balsamea","Volume 2","Abies balsamea"
"Achillea millefolium","Volume 19","Achillea millefolium"
"Achillea ptarmica","Volume 19","Achillea ptarmica"
"Acorus americanus","Volume 22","Acorus americanus"
"Actaea pachypoda","Volume 3","Actaea pachypoda"
"Actaea rubra","Volume 3","Actaea rubra"
"Agalinis tenuifolia","Volume 17","Agalinis tenuifolia"
"Agrimonia gryposepala","Volume 9","Agrimonia gryposepala"
"Agrimonia striata","Volume 9","Agrimonia striata"
"Agrostemma githago var. githago","Volume 5","Agrostemma githago var. githago"
"Agrostis","Volume 24","Agrostis"
"Agrostis anadyrensis","Volume 24","Agrostis anadyrensis"
"Agrostis canina","Volume 24","Agrostis canina"
"Agrostis capillaris","Volume 24","Agrostis capillaris"
"Agrostis gigantea","Volume 24","Agrostis gigantea"
"Agrostis nebulosa","Volume 24","Agrostis nebulosa"
"Agrostis perennans","Volume 24","Agrostis perennans"
"Agrostis scabra","Volume 24","Agrostis scabra"
"Agrostis stolonifera","Volume 24","Agrostis stolonifera"
"Agrostis tolucensis","Volume 24","Agrostis tolucensis"
"Alisma triviale","Volume 22","Alisma triviale"
"Allium schoenoprasum","Volume 26","Allium schoenoprasum"
"Alnus incana","Volume 3","Alnus incana"
"Alnus incana subsp. rugosa","Volume 3","Alnus incana subsp. rugosa"
"Alnus viridis","Volume 3","Alnus viridis"
"Alnus viridis subsp. crispa","Volume 3","Alnus viridis subsp. crispa"
"Alopecurus","Volume 24","Alopecurus"
"Alopecurus aequalis","Volume 24","Alopecurus aequalis"
"Alopecurus aequalis var. aequalis","Volume 24","Alopecurus aequalis var. aequalis"
"Alopecurus geniculatus","Volume 24","Alopecurus geniculatus"
"Alopecurus pratensis","Volume 24","Alopecurus pratensis"
"Amaranthus albus","Volume 4","Amaranthus albus"
"Amaranthus powellii","Volume 4","Amaranthus powellii"
"Amaranthus retroflexus","Volume 4","Amaranthus retroflexus"
"Amaranthus tuberculatus","Volume 4","Amaranthus tuberculatus"
"Amblystegium serpens","Volume 28","Amblystegium serpens"
"Ambrosia artemisiifolia","Volume 21","Ambrosia artemisiifolia"
"Ambrosia psilostachya","Volume 21","Ambrosia psilostachya"
"Ambrosia trifida","Volume 21","Ambrosia trifida"
"Amelanchier bartramiana","Volume 9","Amelanchier bartramiana"
"Amelanchier canadensis","Volume 9","Amelanchier canadensis"
"Amelanchier canadensis var. canadensis","Volume 9","Amelanchier canadensis var. canadensis"
"Amelanchier fernaldii","Volume 9","Amelanchier fernaldii"
"Amelanchier interior","Volume 9","Amelanchier interior"
"Amelanchier intermedia","Volume 9","Amelanchier intermedia"
"Amelanchier laevis","Volume 9","Amelanchier laevis"
"Amelanchier spicata","Volume 9","Amelanchier spicata"
"Ammophila","Volume 24","Ammophila"
"Ammophila breviligulata","Volume 24","Ammophila breviligulata"
"Ammophila breviligulata subsp. breviligulata","Volume 24","Ammophila breviligulata subsp. breviligulata"
"Ammophila breviligulata subsp. champlainensis","Volume 24","Ammophila breviligulata subsp. champlainensis"
"Anaphalis margaritacea","Volume 19","Anaphalis margaritacea"
"Andromeda polifolia","Volume 8","Andromeda polifolia"
"Andromeda polifolia var. latifolia","Volume 8","Andromeda polifolia var. latifolia"
"Anemone canadensis","Volume 3","Anemone canadensis"
"Anomodon attenuatus","Volume 28","Anomodon attenuatus"
"Antennaria howellii","Volume 19","Antennaria howellii"
"Antennaria howellii subsp. canadensis","Volume 19","Antennaria howellii subsp. canadensis"
"Antennaria howellii subsp. neodioica","Volume 19","Antennaria howellii subsp. neodioica"
"Antennaria howellii subsp. petaloidea","Volume 19","Antennaria howellii subsp. petaloidea"
"Anthemis arvensis","Volume 19","Anthemis arvensis"
"Anthemis cotula","Volume 19","Anthemis cotula"
"Anthoxanthum","Volume 24","Anthoxanthum"
"Anthoxanthum arcticum","Volume 24","Anthoxanthum arcticum"
"Anthoxanthum hirtum","Volume 24","Anthoxanthum hirtum"
"Anthoxanthum nitens","Volume 24","Anthoxanthum nitens"
"Anthoxanthum occidentale","Volume 24","Anthoxanthum occidentale"
"Anthoxanthum odoratum","Volume 24","Anthoxanthum odoratum"
"Aquilegia vulgaris","Volume 3","Aquilegia vulgaris"
"Arceuthobium pusillum","Volume 12","Arceuthobium pusillum"
"Arctium minus","Volume 19","Arctium minus"
"Arctium tomentosum","Volume 19","Arctium tomentosum"
"Arctostaphylos uva-ursi","Volume 8","Arctostaphylos uva-ursi"
"Arenaria humifusa","Volume 5","Arenaria humifusa"
"Arenaria serpyllifolia","Volume 5","Arenaria serpyllifolia"
"Arenaria serpyllifolia var. serpyllifolia","Volume 5","Arenaria serpyllifolia var. serpyllifolia"
"Arethusa bulbosa","Volume 26","Arethusa bulbosa"
"Arisaema triphyllum","Volume 22","Arisaema triphyllum"
"Armoracia rusticana","Volume 7","Armoracia rusticana"
"Arnoseris minima","Volume 19","Arnoseris minima"
"Aronia arbutifolia","Volume 9","Aronia arbutifolia"
"Aronia melanocarpa","Volume 9","Aronia melanocarpa"
"Artemisia absinthium","Volume 19","Artemisia absinthium"
"Artemisia biennis","Volume 19","Artemisia biennis"
"Artemisia ludoviciana","Volume 19","Artemisia ludoviciana"
"Artemisia ludoviciana subsp. ludoviciana","Volume 19","Artemisia ludoviciana subsp. ludoviciana"
"Artemisia stelleriana","Volume 19","Artemisia stelleriana"
"Artemisia vulgaris","Volume 19","Artemisia vulgaris"
"Asparagus officinalis","Volume 26","Asparagus officinalis"
"Asplenium trichomanes-ramosum","Volume 2","Asplenium trichomanes-ramosum"
"Athyrium filix-femina","Volume 2","Athyrium filix-femina"
"Athyrium filix-femina var. angustum","Volume 2","Athyrium filix-femina var. angustum"
"Atrichum altecristatum","Volume 27","Atrichum altecristatum"
"Atrichum crispulum","Volume 27","Atrichum crispulum"
"Atrichum crispum","Volume 27","Atrichum crispum"
"Atrichum tenellum","Volume 27","Atrichum tenellum"
"Atrichum undulatum","Volume 27","Atrichum undulatum"
"Atriplex glabriuscula","Volume 4","Atriplex glabriuscula"
"Atriplex glabriuscula var. acadiensis","Volume 4","Atriplex glabriuscula var. acadiensis"
"Atriplex laciniata","Volume 4","Atriplex laciniata"
"Atriplex littoralis","Volume 4","Atriplex littoralis"
"Atriplex prostrata","Volume 4","Atriplex prostrata"
"Aulacomnium androgynum","Volume 28","Aulacomnium androgynum"
"Aulacomnium palustre","Volume 28","Aulacomnium palustre"
"Avena","Volume 24","Avena"
"Avena fatua","Volume 24","Avena fatua"
"Avena hybrida","Volume 24","Avena hybrida"
"Avena sativa","Volume 24","Avena sativa"
"Barbarea vulgaris","Volume 7","Barbarea vulgaris"
"Barbula unguiculata","Volume 27","Barbula unguiculata"
"Beckmannia","Volume 24","Beckmannia"
"Beckmannia syzigachne","Volume 24","Beckmannia syzigachne"
"Berberis thunbergii","Volume 3","Berberis thunbergii"
"Berberis vulgaris","Volume 3","Berberis vulgaris"
"Betula alleghaniensis","Volume 3","Betula alleghaniensis"
"Betula cordifolia","Volume 3","Betula cordifolia"
"Betula glandulosa","Volume 3","Betula glandulosa"
"Betula papyrifera","Volume 3","Betula papyrifera"
"Betula populifolia","Volume 3","Betula populifolia"
"Betula pumila","Volume 3","Betula pumila"
"Bidens cernua","Volume 21","Bidens cernua"
"Bidens connata","Volume 21","Bidens connata"
"Bidens eatonii","Volume 21","Bidens eatonii"
"Bidens frondosa","Volume 21","Bidens frondosa"
"Bidens heterodoxa","Volume 21","Bidens heterodoxa"
"Blysmopsis rufa","Volume 23","Blysmopsis rufa"
"Bolboschoenus maritimus","Volume 23","Bolboschoenus maritimus"
"Bolboschoenus maritimus subsp. maritimus","Volume 23","Bolboschoenus maritimus subsp. maritimus"
"Bolboschoenus maritimus subsp. paludosus","Volume 23","Bolboschoenus maritimus subsp. paludosus"
"Botrychium lunaria","Volume 2","Botrychium lunaria"
"Botrychium minganense","Volume 2","Botrychium minganense"
"Botrychium spathulatum","Volume 2","Botrychium spathulatum"
"Botrychium virginianum","Volume 2","Botrychium virginianum"
"Brachyelytrum","Volume 24","Brachyelytrum"
"Brachyelytrum aristosum","Volume 24","Brachyelytrum aristosum"
"Brachytheciastrum velutinum var. velutinum","Volume 28","Brachytheciastrum velutinum var. velutinum"
"Brassica juncea","Volume 7","Brassica juncea"
"Brassica napus","Volume 7","Brassica napus"
"Brassica nigra","Volume 7","Brassica nigra"
"Brassica oleracea","Volume 7","Brassica oleracea"
"Brassica rapa","Volume 7","Brassica rapa"
"Bromus","Volume 24","Bromus"
"Bromus caroli-henrici","Volume 24","Bromus caroli-henrici"
"Bromus ciliatus","Volume 24","Bromus ciliatus"
"Bromus commutatus","Volume 24","Bromus commutatus"
"Bromus hallii","Volume 24","Bromus hallii"
"Bromus inermis","Volume 24","Bromus inermis"
"Bromus japonicus","Volume 24","Bromus japonicus"
"Bromus pumpellianus","Volume 24","Bromus pumpellianus"
"Bromus pumpellianus subsp. dicksonii","Volume 24","Bromus pumpellianus subsp. dicksonii"
"Bromus pumpellianus subsp. pumpellianus","Volume 24","Bromus pumpellianus subsp. pumpellianus"
"Bromus racemosus","Volume 24","Bromus racemosus"
"Bromus richardsonii","Volume 24","Bromus richardsonii"
"Bromus riparius","Volume 24","Bromus riparius"
"Bromus sect. Bromopsis","Volume 24","Bromus sect. Bromopsis"
"Bromus sect. Bromus","Volume 24","Bromus sect. Bromus"
"Bromus sect. Ceratochloa","Volume 24","Bromus sect. Ceratochloa"
"Bromus sect. Genea","Volume 24","Bromus sect. Genea"
"Bromus sect. Neobromus","Volume 24","Bromus sect. Neobromus"
"Brotherella recurvans","Volume 28","Brotherella recurvans"
"Bryhnia novae-angliae","Volume 28","Bryhnia novae-angliae"
"Bryum argenteum var. argenteum","Volume 28","Bryum argenteum var. argenteum"
"Butomus umbellatus","Volume 22","Butomus umbellatus"
"Buxbaumia aphylla","Volume 27","Buxbaumia aphylla"
"Cakile edentula","Volume 7","Cakile edentula"
"Cakile edentula var. edentula","Volume 7","Cakile edentula var. edentula"
"Calamagrostis","Volume 24","Calamagrostis"
"Calamagrostis canadensis","Volume 24","Calamagrostis canadensis"
"Calamagrostis canadensis var. canadensis","Volume 24","Calamagrostis canadensis var. canadensis"
"Calamagrostis canadensis var. macouniana","Volume 24","Calamagrostis canadensis var. macouniana"
"Calamagrostis cinnoides","Volume 24","Calamagrostis cinnoides"
"Calamagrostis epigejos","Volume 24","Calamagrostis epigejos"
"Calamagrostis stricta","Volume 24","Calamagrostis stricta"
"Calamagrostis stricta subsp. inexpansa","Volume 24","Calamagrostis stricta subsp. inexpansa"
"Calamagrostis stricta subsp. stricta","Volume 24","Calamagrostis stricta subsp. stricta"
"Calamagrostis ×acutiflora","Volume 24","Calamagrostis ×acutiflora"
"Calla palustris","Volume 22","Calla palustris"
"Callicladium haldanianum","Volume 28","Callicladium haldanianum"
"Calliergon cordifolium","Volume 28","Calliergon cordifolium"
"Calliergon giganteum","Volume 28","Calliergon giganteum"
"Calliergonella cuspidata","Volume 28","Calliergonella cuspidata"
"Callitriche palustris","Volume 17","Callitriche palustris"
"Calopogon tuberosus var. tuberosus","Volume 26","Calopogon tuberosus var. tuberosus"
"Caltha palustris","Volume 3","Caltha palustris"
"Calypso bulbosa var. americana","Volume 26","Calypso bulbosa var. americana"
"Camelina microcarpa","Volume 7","Camelina microcarpa"
"Campyliadelphus chrysophyllus","Volume 28","Campyliadelphus chrysophyllus"
"Campylostelium saxicola","Volume 27","Campylostelium saxicola"
"Cardamine pensylvanica","Volume 7","Cardamine pensylvanica"
"Carex aquatilis","Volume 23","Carex aquatilis"
"Carex aquatilis var. aquatilis","Volume 23","Carex aquatilis var. aquatilis"
"Carex arctata","Volume 23","Carex arctata"
"Carex aurea","Volume 23","Carex aurea"
"Carex bebbii","Volume 23","Carex bebbii"
"Carex brunnescens","Volume 23","Carex brunnescens"
"Carex brunnescens subsp. brunnescens","Volume 23","Carex brunnescens subsp. brunnescens"
"Carex brunnescens subsp. sphaerostachya","Volume 23","Carex brunnescens subsp. sphaerostachya"
"Carex canescens","Volume 23","Carex canescens"
"Carex canescens subsp. canescens","Volume 23","Carex canescens subsp. canescens"
"Carex canescens subsp. disjuncta","Volume 23","Carex canescens subsp. disjuncta"
"Carex chordorrhiza","Volume 23","Carex chordorrhiza"
"Carex crawfordii","Volume 23","Carex crawfordii"
"Carex crinita","Volume 23","Carex crinita"
"Carex crinita var. crinita","Volume 23","Carex crinita var. crinita"
"Carex cumulata","Volume 23","Carex cumulata"
"Carex debilis","Volume 23","Carex debilis"
"Carex debilis var. rudgei","Volume 23","Carex debilis var. rudgei"
"Carex deweyana","Volume 23","Carex deweyana"
"Carex deweyana var. deweyana","Volume 23","Carex deweyana var. deweyana"
"Carex diandra","Volume 23","Carex diandra"
"Carex disperma","Volume 23","Carex disperma"
"Carex echinata","Volume 23","Carex echinata"
"Carex echinata subsp. echinata","Volume 23","Carex echinata subsp. echinata"
"Carex flava","Volume 23","Carex flava"
"Carex foenea","Volume 23","Carex foenea"
"Carex folliculata","Volume 23","Carex folliculata"
"Carex glareosa","Volume 23","Carex glareosa"
"Carex glareosa subsp. glareosa","Volume 23","Carex glareosa subsp. glareosa"
"Carex gracillima","Volume 23","Carex gracillima"
"Carex gynandra","Volume 23","Carex gynandra"
"Carex hirta","Volume 23","Carex hirta"
"Carex hormathodes","Volume 23","Carex hormathodes"
"Carex interior","Volume 23","Carex interior"
"Carex intumescens","Volume 23","Carex intumescens"
"Carex lasiocarpa","Volume 23","Carex lasiocarpa"
"Carex lenticularis","Volume 23","Carex lenticularis"
"Carex lenticularis var. lenticularis","Volume 23","Carex lenticularis var. lenticularis"
"Carex leptalea","Volume 23","Carex leptalea"
"Carex leptonervia","Volume 23","Carex leptonervia"
"Carex limosa","Volume 23","Carex limosa"
"Carex livida","Volume 23","Carex livida"
"Carex mackenziei","Volume 23","Carex mackenziei"
"Carex magellanica","Volume 23","Carex magellanica"
"Carex magellanica subsp. irrigua","Volume 23","Carex magellanica subsp. irrigua"
"Carex nigra","Volume 23","Carex nigra"
"Carex ovalis","Volume 23","Carex ovalis"
"Carex paleacea","Volume 23","Carex paleacea"
"Carex projecta","Volume 23","Carex projecta"
"Carex recta","Volume 23","Carex recta"
"Carex scabrata","Volume 23","Carex scabrata"
"Carex scoparia","Volume 23","Carex scoparia"
"Carex scoparia var. scoparia","Volume 23","Carex scoparia var. scoparia"
"Carex silicea","Volume 23","Carex silicea"
"Carex stipata","Volume 23","Carex stipata"
"Carex stipata var. stipata","Volume 23","Carex stipata var. stipata"
"Carex stricta","Volume 23","Carex stricta"
"Carex tenuiflora","Volume 23","Carex tenuiflora"
"Carex tincta","Volume 23","Carex tincta"
"Carex tonsa","Volume 23","Carex tonsa"
"Carex tonsa var. tonsa","Volume 23","Carex tonsa var. tonsa"
"Carex trisperma","Volume 23","Carex trisperma"
"Carex umbellata","Volume 23","Carex umbellata"
"Carex utriculata","Volume 23","Carex utriculata"
"Carex vacillans","Volume 23","Carex vacillans"
"Carex viridula","Volume 23","Carex viridula"
"Carex viridula var. viridula","Volume 23","Carex viridula var. viridula"
"Carex vulpinoidea","Volume 23","Carex vulpinoidea"
"Carex wiegandii","Volume 23","Carex wiegandii"
"Catabrosa","Volume 24","Catabrosa"
"Catabrosa aquatica","Volume 24","Catabrosa aquatica"
"Celastrus orbiculatus","Volume 12","Celastrus orbiculatus"
"Centaurea cyanus","Volume 19","Centaurea cyanus"
"Centaurea nigra","Volume 19","Centaurea nigra"
"Cerastium arvense","Volume 5","Cerastium arvense"
"Cerastium arvense subsp. strictum","Volume 5","Cerastium arvense subsp. strictum"
"Cerastium fontanum","Volume 5","Cerastium fontanum"
"Cerastium fontanum subsp. vulgare","Volume 5","Cerastium fontanum subsp. vulgare"
"Cerastium tomentosum","Volume 5","Cerastium tomentosum"
"Ceratodon purpureus subsp. purpureus","Volume 27","Ceratodon purpureus subsp. purpureus"
"Ceratophyllum demersum","Volume 3","Ceratophyllum demersum"
"Chaenorhinum minus","Volume 17","Chaenorhinum minus"
"Chaenorhinum minus subsp. minus","Volume 17","Chaenorhinum minus subsp. minus"
"Chamaedaphne calyculata","Volume 8","Chamaedaphne calyculata"
"Chelidonium majus","Volume 3","Chelidonium majus"
"Chelone glabra","Volume 17","Chelone glabra"
"Chenopodium album","Volume 4","Chenopodium album"
"Chenopodium berlandieri","Volume 4","Chenopodium berlandieri"
"Chenopodium berlandieri var. macrocalycium","Volume 4","Chenopodium berlandieri var. macrocalycium"
"Chenopodium glaucum","Volume 4","Chenopodium glaucum"
"Chenopodium glaucum var. glaucum","Volume 4","Chenopodium glaucum var. glaucum"
"Chenopodium strictum","Volume 4","Chenopodium strictum"
"Chimaphila umbellata","Volume 8","Chimaphila umbellata"
"Chimaphila umbellata subsp. umbellata","Volume 8","Chimaphila umbellata subsp. umbellata"
"Chrysosplenium americanum","Volume 8","Chrysosplenium americanum"
"Cichorium intybus","Volume 19","Cichorium intybus"
"Cinna","Volume 24","Cinna"
"Cinna latifolia","Volume 24","Cinna latifolia"
"Cirsium arvense","Volume 19","Cirsium arvense"
"Cirsium muticum","Volume 19","Cirsium muticum"
"Cirsium vulgare","Volume 19","Cirsium vulgare"
"Claytonia caroliniana","Volume 4","Claytonia caroliniana"
"Clematis virginiana","Volume 3","Clematis virginiana"
"Climacium dendroides","Volume 28","Climacium dendroides"
"Clintonia borealis","Volume 26","Clintonia borealis"
"Coeloglossum viride","Volume 26","Coeloglossum viride"
"Comandra umbellata","Volume 12","Comandra umbellata"
"Comandra umbellata subsp. umbellata","Volume 12","Comandra umbellata subsp. umbellata"
"Comarum palustre","Volume 9","Comarum palustre"
"Comptonia peregrina","Volume 3","Comptonia peregrina"
"Conringia orientalis","Volume 7","Conringia orientalis"
"Convallaria majalis var. majalis","Volume 26","Convallaria majalis var. majalis"
"Conyza canadensis","Volume 20","Conyza canadensis"
"Coptis trifolia","Volume 3","Coptis trifolia"
"Corallorhiza maculata var. maculata","Volume 26","Corallorhiza maculata var. maculata"
"Corallorhiza maculata var. occidentalis","Volume 26","Corallorhiza maculata var. occidentalis"
"Corallorhiza trifida","Volume 26","Corallorhiza trifida"
"Corema conradii","Volume 8","Corema conradii"
"Cornus alternifolia","Volume 12","Cornus alternifolia"
"Cornus canadensis","Volume 12","Cornus canadensis"
"Cornus rugosa","Volume 12","Cornus rugosa"
"Cornus sericea","Volume 12","Cornus sericea"
"Corydalis sempervirens","Volume 3","Corydalis sempervirens"
"Corylus cornuta subsp. cornuta","Volume 3","Corylus cornuta subsp. cornuta"
"Cotula coronopifolia","Volume 19","Cotula coronopifolia"
"Crassula aquatica","Volume 8","Crassula aquatica"
"Crataegus chrysocarpa","Volume 9","Crataegus chrysocarpa"
"Crataegus chrysocarpa var. chrysocarpa","Volume 9","Crataegus chrysocarpa var. chrysocarpa"
"Crataegus jonesiae","Volume 9","Crataegus jonesiae"
"Crataegus macrosperma","Volume 9","Crataegus macrosperma"
"Crataegus monogyna","Volume 9","Crataegus monogyna"
"Crataegus monogyna var. monogyna","Volume 9","Crataegus monogyna var. monogyna"
"Cryptogramma stelleri","Volume 2","Cryptogramma stelleri"
"Ctenidium molluscum","Volume 28","Ctenidium molluscum"
"Cyclachaena xanthiifolia","Volume 21","Cyclachaena xanthiifolia"
"Cynodontium polycarpon","Volume 27","Cynodontium polycarpon"
"Cypripedium acaule","Volume 26","Cypripedium acaule"
"Cypripedium parviflorum var. makasin","Volume 26","Cypripedium parviflorum var. makasin"
"Cypripedium reginae","Volume 26","Cypripedium reginae"
"Cystopteris fragilis","Volume 2","Cystopteris fragilis"
"Dactylis","Volume 24","Dactylis"
"Dactylis glomerata","Volume 24","Dactylis glomerata"
"Danthonia","Volume 25","Danthonia"
"Danthonia compressa","Volume 25","Danthonia compressa"
"Danthonia spicata","Volume 25","Danthonia spicata"
"Daphne mezereum","Volume 6","Daphne mezereum"
"Dennstaedtia punctilobula","Volume 2","Dennstaedtia punctilobula"
"Deparia acrostichoides","Volume 2","Deparia acrostichoides"
"Deschampsia","Volume 24","Deschampsia"
"Deschampsia cespitosa","Volume 24","Deschampsia cespitosa"
"Deschampsia cespitosa subsp. beringensis","Volume 24","Deschampsia cespitosa subsp. beringensis"
"Deschampsia cespitosa subsp. cespitosa","Volume 24","Deschampsia cespitosa subsp. cespitosa"
"Deschampsia cespitosa subsp. holciformis","Volume 24","Deschampsia cespitosa subsp. holciformis"
"Deschampsia flexuosa","Volume 24","Deschampsia flexuosa"
"Deschampsia mackenzieana","Volume 24","Deschampsia mackenzieana"
"Deschampsia sukatschewii","Volume 24","Deschampsia sukatschewii"
"Descurainia sophia","Volume 7","Descurainia sophia"
"Dianthus armeria subsp. armeria","Volume 5","Dianthus armeria subsp. armeria"
"Dianthus deltoides subsp. deltoides","Volume 5","Dianthus deltoides subsp. deltoides"
"Dicentra cucullaria","Volume 3","Dicentra cucullaria"
"Dichanthelium","Volume 25","Dichanthelium"
"Dichanthelium acuminatum","Volume 25","Dichanthelium acuminatum"
"Dichanthelium acuminatum subsp. acuminatum","Volume 25","Dichanthelium acuminatum subsp. acuminatum"
"Dichanthelium acuminatum subsp. columbianum","Volume 25","Dichanthelium acuminatum subsp. columbianum"
"Dichanthelium acuminatum subsp. fasciculatum","Volume 25","Dichanthelium acuminatum subsp. fasciculatum"
"Dichanthelium acuminatum subsp. implicatum","Volume 25","Dichanthelium acuminatum subsp. implicatum"
"Dichanthelium acuminatum subsp. leucothrix","Volume 25","Dichanthelium acuminatum subsp. leucothrix"
"Dichanthelium acuminatum subsp. lindheimeri","Volume 25","Dichanthelium acuminatum subsp. lindheimeri"
"Dichanthelium acuminatum subsp. longiligulatum","Volume 25","Dichanthelium acuminatum subsp. longiligulatum"
"Dichanthelium acuminatum subsp. sericeum","Volume 25","Dichanthelium acuminatum subsp. sericeum"
"Dichanthelium acuminatum subsp. spretum","Volume 25","Dichanthelium acuminatum subsp. spretum"
"Dichanthelium acuminatum subsp. thermale","Volume 25","Dichanthelium acuminatum subsp. thermale"
"Dichanthelium boreale","Volume 25","Dichanthelium boreale"
"Dichanthelium chamaelonche","Volume 25","Dichanthelium chamaelonche"
"Dichanthelium chamaelonche subsp. breve","Volume 25","Dichanthelium chamaelonche subsp. breve"
"Dichanthelium chamaelonche subsp. chamaelonche","Volume 25","Dichanthelium chamaelonche subsp. chamaelonche"
"Dichanthelium depauperatum","Volume 25","Dichanthelium depauperatum"
"Dichanthelium ensifolium","Volume 25","Dichanthelium ensifolium"
"Dichanthelium ensifolium subsp. curtifolium","Volume 25","Dichanthelium ensifolium subsp. curtifolium"
"Dichanthelium ensifolium subsp. ensifolium","Volume 25","Dichanthelium ensifolium subsp. ensifolium"
"Dichanthelium nudicaule","Volume 25","Dichanthelium nudicaule"
"Dichanthelium perlongum","Volume 25","Dichanthelium perlongum"
"Dichanthelium polyanthes","Volume 25","Dichanthelium polyanthes"
"Dichanthelium portoricense","Volume 25","Dichanthelium portoricense"
"Dichanthelium portoricense subsp. patulum","Volume 25","Dichanthelium portoricense subsp. patulum"
"Dichanthelium portoricense subsp. portoricense","Volume 25","Dichanthelium portoricense subsp. portoricense"
"Dichanthelium sect. Angustifolia","Volume 25","Dichanthelium sect. Angustifolia"
"Dichanthelium sect. Clandestina","Volume 25","Dichanthelium sect. Clandestina"
"Dichanthelium sect. Dichanthelium","Volume 25","Dichanthelium sect. Dichanthelium"
"Dichanthelium sect. Ensifolia","Volume 25","Dichanthelium sect. Ensifolia"
"Dichanthelium sect. Lancearia","Volume 25","Dichanthelium sect. Lancearia"
"Dichanthelium sect. Lanuginosa","Volume 25","Dichanthelium sect. Lanuginosa"
"Dichanthelium sect. Linearifolia","Volume 25","Dichanthelium sect. Linearifolia"
"Dichanthelium sect. Macrocarpa","Volume 25","Dichanthelium sect. Macrocarpa"
"Dichanthelium sect. Nudicaulia","Volume 25","Dichanthelium sect. Nudicaulia"
"Dichanthelium sect. Oligosantha","Volume 25","Dichanthelium sect. Oligosantha"
"Dichanthelium sect. Pedicellata","Volume 25","Dichanthelium sect. Pedicellata"
"Dichanthelium sect. Sphaerocarpa","Volume 25","Dichanthelium sect. Sphaerocarpa"
"Dichanthelium sect. Strigosa","Volume 25","Dichanthelium sect. Strigosa"
"Dichanthelium tenue","Volume 25","Dichanthelium tenue"
"Dichanthelium ×anthophysum","Volume 25","Dichanthelium ×anthophysum"
"Dichodontium pellucidum","Volume 27","Dichodontium pellucidum"
"Dicranella cerviculata","Volume 27","Dicranella cerviculata"
"Dicranella heteromalla","Volume 27","Dicranella heteromalla"
"Dicranella rufescens","Volume 27","Dicranella rufescens"
"Dicranella subulata","Volume 27","Dicranella subulata"
"Dicranella varia","Volume 27","Dicranella varia"
"Dicranum bonjeanii","Volume 27","Dicranum bonjeanii"
"Dicranum flagellare","Volume 27","Dicranum flagellare"
"Dicranum fuscescens var. fuscescens","Volume 27","Dicranum fuscescens var. fuscescens"
"Dicranum leioneuron","Volume 27","Dicranum leioneuron"
"Dicranum majus var. majus","Volume 27","Dicranum majus var. majus"
"Dicranum montanum","Volume 27","Dicranum montanum"
"Dicranum ontariense","Volume 27","Dicranum ontariense"
"Dicranum polysetum","Volume 27","Dicranum polysetum"
"Dicranum scoparium","Volume 27","Dicranum scoparium"
"Dicranum spurium","Volume 27","Dicranum spurium"
"Dicranum undulatum","Volume 27","Dicranum undulatum"
"Dicranum viride","Volume 27","Dicranum viride"
"Didymodon fallax","Volume 27","Didymodon fallax"
"Digitaria","Volume 25","Digitaria"
"Digitaria bakeri","Volume 25","Digitaria bakeri"
"Digitaria didactyla","Volume 25","Digitaria didactyla"
"Digitaria ischaemum","Volume 25","Digitaria ischaemum"
"Digitaria leucocoma","Volume 25","Digitaria leucocoma"
"Digitaria sanguinalis","Volume 25","Digitaria sanguinalis"
"Digitaria tomentosa","Volume 25","Digitaria tomentosa"
"Diphasiastrum complanatum","Volume 2","Diphasiastrum complanatum"
"Diphasiastrum digitatum","Volume 2","Diphasiastrum digitatum"
"Diphasiastrum sitchense","Volume 2","Diphasiastrum sitchense"
"Diphasiastrum tristachyum","Volume 2","Diphasiastrum tristachyum"
"Diphyscium foliosum","Volume 27","Diphyscium foliosum"
"Diplotaxis muralis","Volume 7","Diplotaxis muralis"
"Distichlis","Volume 25","Distichlis"
"Distichlis spicata","Volume 25","Distichlis spicata"
"Ditrichum lineare","Volume 27","Ditrichum lineare"
"Ditrichum pusillum","Volume 27","Ditrichum pusillum"
"Ditrichum rhynchostegium","Volume 27","Ditrichum rhynchostegium"
"Doellingeria umbellata","Volume 20","Doellingeria umbellata"
"Doellingeria umbellata var. umbellata","Volume 20","Doellingeria umbellata var. umbellata"
"Draba incana","Volume 7","Draba incana"
"Drepanocladus aduncus","Volume 28","Drepanocladus aduncus"
"Drosera intermedia","Volume 6","Drosera intermedia"
"Drosera rotundifolia","Volume 6","Drosera rotundifolia"
"Dryopteris campyloptera","Volume 2","Dryopteris campyloptera"
"Dryopteris carthusiana","Volume 2","Dryopteris carthusiana"
"Dryopteris cristata","Volume 2","Dryopteris cristata"
"Dryopteris intermedia","Volume 2","Dryopteris intermedia"
"Dulichium arundinaceum","Volume 23","Dulichium arundinaceum"
"Dulichium arundinaceum var. arundinaceum","Volume 23","Dulichium arundinaceum var. arundinaceum"
"Dysphania botrys","Volume 4","Dysphania botrys"
"Echinochloa","Volume 25","Echinochloa"
"Echinochloa crus-galli","Volume 25","Echinochloa crus-galli"
"Echinochloa oryzicola","Volume 25","Echinochloa oryzicola"
"Echinochloa pyramidalis","Volume 25","Echinochloa pyramidalis"
"Echinocystis lobata","Volume 6","Echinocystis lobata"
"Elatine minima","Volume 12","Elatine minima"
"Eleocharis acicularis","Volume 23","Eleocharis acicularis"
"Eleocharis obtusa","Volume 23","Eleocharis obtusa"
"Eleocharis ovata","Volume 23","Eleocharis ovata"
"Eleocharis palustris","Volume 23","Eleocharis palustris"
"Eleocharis quinqueflora","Volume 23","Eleocharis quinqueflora"
"Eleocharis tenuis","Volume 23","Eleocharis tenuis"
"Eleocharis tenuis var. tenuis","Volume 23","Eleocharis tenuis var. tenuis"
"Eleocharis uniglumis","Volume 23","Eleocharis uniglumis"
"Elodium blandowii","Volume 28","Elodium blandowii"
"Elymus","Volume 24","Elymus"
"Elymus ciliaris","Volume 24","Elymus ciliaris"
"Elymus curvatus","Volume 24","Elymus curvatus"
"Elymus dahuricus","Volume 24","Elymus dahuricus"
"Elymus pringlei","Volume 24","Elymus pringlei"
"Elymus repens","Volume 24","Elymus repens"
"Elymus sierrae","Volume 24","Elymus sierrae"
"Elymus trachycaulus","Volume 24","Elymus trachycaulus"
"Elymus trachycaulus subsp. subsecundus","Volume 24","Elymus trachycaulus subsp. subsecundus"
"Elymus trachycaulus subsp. trachycaulus","Volume 24","Elymus trachycaulus subsp. trachycaulus"
"Elymus trachycaulus subsp. virescens","Volume 24","Elymus trachycaulus subsp. virescens"
"Elymus tsukushiensis","Volume 24","Elymus tsukushiensis"
"Elymus violaceus","Volume 24","Elymus violaceus"
"Elymus virginicus","Volume 24","Elymus virginicus"
"Elymus virginicus var. intermedius","Volume 24","Elymus virginicus var. intermedius"
"Elymus virginicus var. jejunus","Volume 24","Elymus virginicus var. jejunus"
"Elymus virginicus var. virginicus","Volume 24","Elymus virginicus var. virginicus"
"Elymus ×pinalenoensis","Volume 24","Elymus ×pinalenoensis"
"Empetrum atropurpureum","Volume 8","Empetrum atropurpureum"
"Empetrum eamesii","Volume 8","Empetrum eamesii"
"Empetrum nigrum","Volume 8","Empetrum nigrum"
"Encalypta procera","Volume 27","Encalypta procera"
"Epifagus virginiana","Volume 17","Epifagus virginiana"
"Epigaea repens","Volume 8","Epigaea repens"
"Equisetum arvense","Volume 2","Equisetum arvense"
"Equisetum fluviatile","Volume 2","Equisetum fluviatile"
"Equisetum hyemale","Volume 2","Equisetum hyemale"
"Equisetum hyemale subsp. affine","Volume 2","Equisetum hyemale subsp. affine"
"Equisetum palustre","Volume 2","Equisetum palustre"
"Equisetum pratense","Volume 2","Equisetum pratense"
"Equisetum scirpoides","Volume 2","Equisetum scirpoides"
"Equisetum sylvaticum","Volume 2","Equisetum sylvaticum"
"Equisetum variegatum","Volume 2","Equisetum variegatum"
"Equisetum variegatum subsp. variegatum","Volume 2","Equisetum variegatum subsp. variegatum"
"Equisetum ×litorale","Volume 2","Equisetum ×litorale"
"Eragrostis","Volume 25","Eragrostis"
"Eragrostis minor","Volume 25","Eragrostis minor"
"Eragrostis obtusiflora","Volume 25","Eragrostis obtusiflora"
"Eragrostis reptans","Volume 25","Eragrostis reptans"
"Eragrostis setifolia","Volume 25","Eragrostis setifolia"
"Erechtites hieraciifolius","Volume 20","Erechtites hieraciifolius"
"Erechtites hieraciifolius var. hieraciifolius","Volume 20","Erechtites hieraciifolius var. hieraciifolius"
"Erigeron annuus","Volume 20","Erigeron annuus"
"Erigeron philadelphicus","Volume 20","Erigeron philadelphicus"
"Erigeron philadelphicus var. philadelphicus","Volume 20","Erigeron philadelphicus var. philadelphicus"
"Erigeron strigosus","Volume 20","Erigeron strigosus"
"Erigeron strigosus var. septentrionalis","Volume 20","Erigeron strigosus var. septentrionalis"
"Erigeron strigosus var. strigosus","Volume 20","Erigeron strigosus var. strigosus"
"Eriophorum angustifolium","Volume 23","Eriophorum angustifolium"
"Eriophorum angustifolium subsp. angustifolium","Volume 23","Eriophorum angustifolium subsp. angustifolium"
"Eriophorum chamissonis","Volume 23","Eriophorum chamissonis"
"Eriophorum gracile","Volume 23","Eriophorum gracile"
"Eriophorum tenellum","Volume 23","Eriophorum tenellum"
"Eriophorum virginicum","Volume 23","Eriophorum virginicum"
"Eriophorum viridicarinatum","Volume 23","Eriophorum viridicarinatum"
"Erucastrum gallicum","Volume 7","Erucastrum gallicum"
"Erysimum cheiranthoides","Volume 7","Erysimum cheiranthoides"
"Erythranthe moschata","Volume 17","Erythranthe moschata"
"Euonymus europaeus","Volume 12","Euonymus europaeus"
"Eupatorium perfoliatum","Volume 21","Eupatorium perfoliatum"
"Euphorbia cyparissias","Volume 12","Euphorbia cyparissias"
"Euphorbia glyptosperma","Volume 12","Euphorbia glyptosperma"
"Euphorbia helioscopia","Volume 12","Euphorbia helioscopia"
"Euphorbia maculata","Volume 12","Euphorbia maculata"
"Euphorbia peplus","Volume 12","Euphorbia peplus"
"Euphorbia polygonifolia","Volume 12","Euphorbia polygonifolia"
"Euphorbia virgata","Volume 12","Euphorbia virgata"
"Euphrasia arctica","Volume 17","Euphrasia arctica"
"Euphrasia arctica subsp. borealis","Volume 17","Euphrasia arctica subsp. borealis"
"Euphrasia farlowii","Volume 17","Euphrasia farlowii"
"Euphrasia nemorosa","Volume 17","Euphrasia nemorosa"
"Euphrasia randii","Volume 17","Euphrasia randii"
"Euphrasia stricta","Volume 17","Euphrasia stricta"
"Euphrasia stricta var. brevipila","Volume 17","Euphrasia stricta var. brevipila"
"Euphrasia stricta var. stricta","Volume 17","Euphrasia stricta var. stricta"
"Eurybia macrophylla","Volume 20","Eurybia macrophylla"
"Eurybia radula","Volume 20","Eurybia radula"
"Euthamia graminifolia","Volume 20","Euthamia graminifolia"
"Eutrochium maculatum","Volume 21","Eutrochium maculatum"
"Eutrochium maculatum var. foliosum","Volume 21","Eutrochium maculatum var. foliosum"
"Eutrochium maculatum var. maculatum","Volume 21","Eutrochium maculatum var. maculatum"
"Fagopyrum esculentum","Volume 5","Fagopyrum esculentum"
"Fagus grandifolia","Volume 3","Fagus grandifolia"
"Fallopia cilinodis","Volume 5","Fallopia cilinodis"
"Fallopia convolvulus","Volume 5","Fallopia convolvulus"
"Fallopia japonica","Volume 5","Fallopia japonica"
"Fallopia japonica var. japonica","Volume 5","Fallopia japonica var. japonica"
"Fallopia sachalinensis","Volume 5","Fallopia sachalinensis"
"Fallopia scandens","Volume 5","Fallopia scandens"
"Festuca","Volume 24","Festuca"
"Festuca amethystina","Volume 24","Festuca amethystina"
"Festuca filiformis","Volume 24","Festuca filiformis"
"Festuca frederikseniae","Volume 24","Festuca frederikseniae"
"Festuca glauca","Volume 24","Festuca glauca"
"Festuca prolifera","Volume 24","Festuca prolifera"
"Festuca roemeri","Volume 24","Festuca roemeri"
"Festuca rubra","Volume 24","Festuca rubra"
"Festuca rubra subsp. arctica","Volume 24","Festuca rubra subsp. arctica"
"Festuca rubra subsp. arenaria","Volume 24","Festuca rubra subsp. arenaria"
"Festuca rubra subsp. aucta","Volume 24","Festuca rubra subsp. aucta"
"Festuca rubra subsp. commutata","Volume 24","Festuca rubra subsp. commutata"
"Festuca rubra subsp. fallax","Volume 24","Festuca rubra subsp. fallax"
"Festuca rubra subsp. mediana","Volume 24","Festuca rubra subsp. mediana"
"Festuca rubra subsp. pruinosa","Volume 24","Festuca rubra subsp. pruinosa"
"Festuca rubra subsp. rubra","Volume 24","Festuca rubra subsp. rubra"
"Festuca rubra subsp. secunda","Volume 24","Festuca rubra subsp. secunda"
"Festuca rubra subsp. vallicola","Volume 24","Festuca rubra subsp. vallicola"
"Festuca sect. Breviaristatae","Volume 24","Festuca sect. Breviaristatae"
"Festuca sect. Elmera","Volume 24","Festuca sect. Elmera"
"Festuca sect. Festuca","Volume 24","Festuca sect. Festuca"
"Festuca sect. Subulatae","Volume 24","Festuca sect. Subulatae"
"Festuca sect. Subuliflorae","Volume 24","Festuca sect. Subuliflorae"
"Festuca sect. Texanae","Volume 24","Festuca sect. Texanae"
"Festuca subg. Festuca","Volume 24","Festuca subg. Festuca"
"Festuca subg. Montanae","Volume 24","Festuca subg. Montanae"
"Festuca subg. Obtusae","Volume 24","Festuca subg. Obtusae"
"Festuca subg. Subulatae","Volume 24","Festuca subg. Subulatae"
"Festuca trachyphylla","Volume 24","Festuca trachyphylla"
"Filipendula ulmaria","Volume 9","Filipendula ulmaria"
"Fissidens bryoides","Volume 27","Fissidens bryoides"
"Fissidens taxifolius","Volume 27","Fissidens taxifolius"
"Fontinalis antipyretica","Volume 28","Fontinalis antipyretica"
"Fragaria virginiana","Volume 9","Fragaria virginiana"
"Fragaria virginiana subsp. glauca","Volume 9","Fragaria virginiana subsp. glauca"
"Frangula alnus","Volume 12","Frangula alnus"
"Fumaria officinalis","Volume 3","Fumaria officinalis"
"Funaria hygrometrica var. hygrometrica","Volume 27","Funaria hygrometrica var. hygrometrica"
"Galinsoga quadriradiata","Volume 21","Galinsoga quadriradiata"
"Gaultheria hispidula","Volume 8","Gaultheria hispidula"
"Gaultheria procumbens","Volume 8","Gaultheria procumbens"
"Gaylussacia baccata","Volume 8","Gaylussacia baccata"
"Gaylussacia bigeloviana","Volume 8","Gaylussacia bigeloviana"
"Gemmabryum caespiticium","Volume 28","Gemmabryum caespiticium"
"Geum aleppicum","Volume 9","Geum aleppicum"
"Geum canadense","Volume 9","Geum canadense"
"Geum laciniatum","Volume 9","Geum laciniatum"
"Geum macrophyllum","Volume 9","Geum macrophyllum"
"Geum macrophyllum var. macrophyllum","Volume 9","Geum macrophyllum var. macrophyllum"
"Geum rivale","Volume 9","Geum rivale"
"Glyceria","Volume 24","Glyceria"
"Glyceria alnasteretum","Volume 24","Glyceria alnasteretum"
"Glyceria borealis","Volume 24","Glyceria borealis"
"Glyceria canadensis","Volume 24","Glyceria canadensis"
"Glyceria canadensis var. canadensis","Volume 24","Glyceria canadensis var. canadensis"
"Glyceria canadensis var. laxa","Volume 24","Glyceria canadensis var. laxa"
"Glyceria elata","Volume 24","Glyceria elata"
"Glyceria grandis","Volume 24","Glyceria grandis"
"Glyceria grandis var. grandis","Volume 24","Glyceria grandis var. grandis"
"Glyceria notata","Volume 24","Glyceria notata"
"Glyceria sect. Glyceria","Volume 24","Glyceria sect. Glyceria"
"Glyceria sect. Hydropoa","Volume 24","Glyceria sect. Hydropoa"
"Glyceria sect. Striatae","Volume 24","Glyceria sect. Striatae"
"Glyceria striata","Volume 24","Glyceria striata"
"Gnaphalium uliginosum","Volume 19","Gnaphalium uliginosum"
"Goodyera repens","Volume 26","Goodyera repens"
"Goodyera tesselata","Volume 26","Goodyera tesselata"
"Grimmia hartmanii","Volume 27","Grimmia hartmanii"
"Gymnocarpium dryopteris","Volume 2","Gymnocarpium dryopteris"
"Gymnostomum aeruginosum","Volume 27","Gymnostomum aeruginosum"
"Hamatocaulis vernicosus","Volume 28","Hamatocaulis vernicosus"
"Helianthus annuus","Volume 21","Helianthus annuus"
"Helianthus pauciflorus","Volume 21","Helianthus pauciflorus"
"Helianthus pauciflorus subsp. pauciflorus","Volume 21","Helianthus pauciflorus subsp. pauciflorus"
"Helianthus tuberosus","Volume 21","Helianthus tuberosus"
"Hemerocallis fulva","Volume 26","Hemerocallis fulva"
"Herzogiella striatella","Volume 28","Herzogiella striatella"
"Herzogiella turfacea","Volume 28","Herzogiella turfacea"
"Hesperis matronalis","Volume 7","Hesperis matronalis"
"Heterocladium dimorphum","Volume 28","Heterocladium dimorphum"
"Hibiscus trionum","Volume 6","Hibiscus trionum"
"Hieracium aurantiacum","Volume 19","Hieracium aurantiacum"
"Hieracium caespitosum","Volume 19","Hieracium caespitosum"
"Hieracium flagellare","Volume 19","Hieracium flagellare"
"Hieracium piloselloides","Volume 19","Hieracium piloselloides"
"Hieracium scabrum","Volume 19","Hieracium scabrum"
"Hieracium umbellatum","Volume 19","Hieracium umbellatum"
"Hieracium vulgatum","Volume 19","Hieracium vulgatum"
"Hippuris vulgaris","Volume 17","Hippuris vulgaris"
"Honckenya peploides","Volume 5","Honckenya peploides"
"Honckenya peploides subsp. robusta","Volume 5","Honckenya peploides subsp. robusta"
"Hordeum","Volume 24","Hordeum"
"Hordeum jubatum","Volume 24","Hordeum jubatum"
"Hordeum jubatum subsp. intermedium","Volume 24","Hordeum jubatum subsp. intermedium"
"Hordeum jubatum subsp. jubatum","Volume 24","Hordeum jubatum subsp. jubatum"
"Hordeum secalinum","Volume 24","Hordeum secalinum"
"Hordeum vulgare","Volume 24","Hordeum vulgare"
"Hudsonia ericoides","Volume 6","Hudsonia ericoides"
"Hudsonia tomentosa","Volume 6","Hudsonia tomentosa"
"Humulus lupulus","Volume 3","Humulus lupulus"
"Humulus lupulus var. lupuloides","Volume 3","Humulus lupulus var. lupuloides"
"Humulus lupulus var. lupulus","Volume 3","Humulus lupulus var. lupulus"
"Huperzia lucidula","Volume 2","Huperzia lucidula"
"Huperzia selago","Volume 2","Huperzia selago"
"Hygroamblystegium varium var. humile","Volume 28","Hygroamblystegium varium var. humile"
"Hygroamblystegium varium var. varium","Volume 28","Hygroamblystegium varium var. varium"
"Hylocomiastrum umbratum","Volume 28","Hylocomiastrum umbratum"
"Hylocomium splendens","Volume 28","Hylocomium splendens"
"Hylotelephium telephium","Volume 8","Hylotelephium telephium"
"Hypericum boreale","Volume 6","Hypericum boreale"
"Hypericum canadense","Volume 6","Hypericum canadense"
"Hypericum gentianoides","Volume 6","Hypericum gentianoides"
"Hypericum majus","Volume 6","Hypericum majus"
"Hypericum perforatum","Volume 6","Hypericum perforatum"
"Hypericum perforatum subsp. perforatum","Volume 6","Hypericum perforatum subsp. perforatum"
"Hypnum cupressiforme var. cupressiforme","Volume 28","Hypnum cupressiforme var. cupressiforme"
"Hypnum cupressiforme var. filiforme","Volume 28","Hypnum cupressiforme var. filiforme"
"Hypnum curvifolium","Volume 28","Hypnum curvifolium"
"Hypnum imponens","Volume 28","Hypnum imponens"
"Hypnum lindbergii","Volume 28","Hypnum lindbergii"
"Hypnum pallescens","Volume 28","Hypnum pallescens"
"Iberis umbellata","Volume 7","Iberis umbellata"
"Inula helenium","Volume 19","Inula helenium"
"Iris hookeri","Volume 26","Iris hookeri"
"Iris pseudacorus","Volume 26","Iris pseudacorus"
"Iris versicolor","Volume 26","Iris versicolor"
"Isothecium myosuroides","Volume 28","Isothecium myosuroides"
"Isoëtes echinospora","Volume 2","Isoëtes echinospora"
"Isoëtes lacustris","Volume 2","Isoëtes lacustris"
"Juncus alpinoarticulatus","Volume 22","Juncus alpinoarticulatus"
"Juncus anthelatus","Volume 22","Juncus anthelatus"
"Juncus arcticus","Volume 22","Juncus arcticus"
"Juncus arcticus var. balticus","Volume 22","Juncus arcticus var. balticus"
"Juncus articulatus","Volume 22","Juncus articulatus"
"Juncus brevicaudatus","Volume 22","Juncus brevicaudatus"
"Juncus bufonius","Volume 22","Juncus bufonius"
"Juncus canadensis","Volume 22","Juncus canadensis"
"Juncus dudleyi","Volume 22","Juncus dudleyi"
"Juncus effusus","Volume 22","Juncus effusus"
"Juncus filiformis","Volume 22","Juncus filiformis"
"Juncus gerardii","Volume 22","Juncus gerardii"
"Juncus greenei","Volume 22","Juncus greenei"
"Juncus militaris","Volume 22","Juncus militaris"
"Juncus nodosus","Volume 22","Juncus nodosus"
"Juncus pelocarpus","Volume 22","Juncus pelocarpus"
"Juncus stygius","Volume 22","Juncus stygius"
"Juncus stygius var. americanus","Volume 22","Juncus stygius var. americanus"
"Juncus tenuis","Volume 22","Juncus tenuis"
"Juniperus communis","Volume 2","Juniperus communis"
"Juniperus communis var. depressa","Volume 2","Juniperus communis var. depressa"
"Juniperus horizontalis","Volume 2","Juniperus horizontalis"
"Kalmia angustifolia","Volume 8","Kalmia angustifolia"
"Kalmia angustifolia var. angustifolia","Volume 8","Kalmia angustifolia var. angustifolia"
"Kalmia polifolia","Volume 8","Kalmia polifolia"
"Lactuca biennis","Volume 19","Lactuca biennis"
"Lactuca canadensis","Volume 19","Lactuca canadensis"
"Lactuca hirsuta","Volume 19","Lactuca hirsuta"
"Lactuca serriola","Volume 19","Lactuca serriola"
"Larix laricina","Volume 2","Larix laricina"
"Lechea intermedia","Volume 6","Lechea intermedia"
"Lechea intermedia var. intermedia","Volume 6","Lechea intermedia var. intermedia"
"Lechea intermedia var. juniperina","Volume 6","Lechea intermedia var. juniperina"
"Lechea maritima","Volume 6","Lechea maritima"
"Lechea maritima var. subcylindrica","Volume 6","Lechea maritima var. subcylindrica"
"Leersia","Volume 24","Leersia"
"Leersia oryzoides","Volume 24","Leersia oryzoides"
"Lemna trisulca","Volume 22","Lemna trisulca"
"Lemna turionifera","Volume 22","Lemna turionifera"
"Leontodon autumnalis","Volume 19","Leontodon autumnalis"
"Lepidium campestre","Volume 7","Lepidium campestre"
"Lepidium densiflorum","Volume 7","Lepidium densiflorum"
"Lepidium ruderale","Volume 7","Lepidium ruderale"
"Lepidium sativum","Volume 7","Lepidium sativum"
"Lepidium virginicum","Volume 7","Lepidium virginicum"
"Lepidium virginicum subsp. virginicum","Volume 7","Lepidium virginicum subsp. virginicum"
"Leptodictyum riparium","Volume 28","Leptodictyum riparium"
"Leucobryum glaucum","Volume 27","Leucobryum glaucum"
"Leucodon andrewsianus","Volume 28","Leucodon andrewsianus"
"Leymus","Volume 24","Leymus"
"Leymus californicus","Volume 24","Leymus californicus"
"Leymus mollis","Volume 24","Leymus mollis"
"Leymus mollis subsp. mollis","Volume 24","Leymus mollis subsp. mollis"
"Leymus mollis subsp. villosissimus","Volume 24","Leymus mollis subsp. villosissimus"
"Leymus salina","Volume 24","Leymus salina"
"Leymus salina subsp. mojavensis","Volume 24","Leymus salina subsp. mojavensis"
"Leymus salina subsp. salina","Volume 24","Leymus salina subsp. salina"
"Leymus salina subsp. salmonis","Volume 24","Leymus salina subsp. salmonis"
"Limonium carolinianum","Volume 5","Limonium carolinianum"
"Limosella aquatica","Volume 17","Limosella aquatica"
"Limosella australis","Volume 17","Limosella australis"
"Linaria vulgaris","Volume 17","Linaria vulgaris"
"Lindernia dubia","Volume 17","Lindernia dubia"
"Linum catharticum","Volume 12","Linum catharticum"
"Liparis loeselii","Volume 26","Liparis loeselii"
"Listera auriculata","Volume 26","Listera auriculata"
"Listera convallarioides","Volume 26","Listera convallarioides"
"Listera cordata var. cordata","Volume 26","Listera cordata var. cordata"
"Lolium","Volume 24","Lolium"
"Lolium multiflorum","Volume 24","Lolium multiflorum"
"Lolium perenne","Volume 24","Lolium perenne"
"Luzula acuminata var. acuminata","Volume 22","Luzula acuminata var. acuminata"
"Luzula multiflora","Volume 22","Luzula multiflora"
"Luzula multiflora subsp. multiflora","Volume 22","Luzula multiflora subsp. multiflora"
"Lycopodiella appressa","Volume 2","Lycopodiella appressa"
"Lycopodiella inundata","Volume 2","Lycopodiella inundata"
"Lycopodium annotinum","Volume 2","Lycopodium annotinum"
"Lycopodium clavatum","Volume 2","Lycopodium clavatum"
"Lycopodium dendroideum","Volume 2","Lycopodium dendroideum"
"Lycopodium hickeyi","Volume 2","Lycopodium hickeyi"
"Lycopodium lagopus","Volume 2","Lycopodium lagopus"
"Lysimachia ciliata","Volume 8","Lysimachia ciliata"
"Lysimachia maritima","Volume 8","Lysimachia maritima"
"Lysimachia nummularia","Volume 8","Lysimachia nummularia"
"Lysimachia terrestris","Volume 8","Lysimachia terrestris"
"Lysimachia thyrsiflora","Volume 8","Lysimachia thyrsiflora"
"Lysimachia vulgaris","Volume 8","Lysimachia vulgaris"
"Maianthemum canadense","Volume 26","Maianthemum canadense"
"Maianthemum racemosum subsp. racemosum","Volume 26","Maianthemum racemosum subsp. racemosum"
"Maianthemum stellatum","Volume 26","Maianthemum stellatum"
"Maianthemum trifolium","Volume 26","Maianthemum trifolium"
"Malaxis monophyllos var. brachypoda","Volume 26","Malaxis monophyllos var. brachypoda"
"Malaxis unifolia","Volume 26","Malaxis unifolia"
"Malus pumila","Volume 9","Malus pumila"
"Malva moschata","Volume 6","Malva moschata"
"Malva neglecta","Volume 6","Malva neglecta"
"Malva parviflora","Volume 6","Malva parviflora"
"Malva pusilla","Volume 6","Malva pusilla"
"Malva verticillata","Volume 6","Malva verticillata"
"Matricaria discoidea","Volume 19","Matricaria discoidea"
"Matteuccia struthiopteris","Volume 2","Matteuccia struthiopteris"
"Matteuccia struthiopteris var. pensylvanica","Volume 2","Matteuccia struthiopteris var. pensylvanica"
"Medeola virginiana","Volume 26","Medeola virginiana"
"Melampyrum lineare","Volume 17","Melampyrum lineare"
"Mimulus ringens","Volume 17","Mimulus ringens"
"Mimulus ringens var. ringens","Volume 17","Mimulus ringens var. ringens"
"Mitella nuda","Volume 8","Mitella nuda"
"Mnium hornum","Volume 28","Mnium hornum"
"Mnium lycopodioides","Volume 28","Mnium lycopodioides"
"Mnium spinulosum","Volume 28","Mnium spinulosum"
"Moehringia lateriflora","Volume 5","Moehringia lateriflora"
"Moneses uniflora","Volume 8","Moneses uniflora"
"Monotropa hypopitys","Volume 8","Monotropa hypopitys"
"Monotropa uniflora","Volume 8","Monotropa uniflora"
"Montia fontana","Volume 4","Montia fontana"
"Muhlenbergia","Volume 25","Muhlenbergia"
"Muhlenbergia diversiglumis","Volume 25","Muhlenbergia diversiglumis"
"Muhlenbergia glabrifloris","Volume 25","Muhlenbergia glabrifloris"
"Muhlenbergia glomerata","Volume 25","Muhlenbergia glomerata"
"Muhlenbergia sericea","Volume 25","Muhlenbergia sericea"
"Myrica gale","Volume 3","Myrica gale"
"Myrica pensylvanica","Volume 3","Myrica pensylvanica"
"Najas flexilis","Volume 22","Najas flexilis"
"Nasturtium microphyllum","Volume 7","Nasturtium microphyllum"
"Nasturtium officinale","Volume 7","Nasturtium officinale"
"Nuphar variegata","Volume 3","Nuphar variegata"
"Nuttallanthus canadensis","Volume 17","Nuttallanthus canadensis"
"Nymphaea odorata","Volume 3","Nymphaea odorata"
"Nymphaea odorata subsp. odorata","Volume 3","Nymphaea odorata subsp. odorata"
"Oclemena acuminata","Volume 20","Oclemena acuminata"
"Oclemena nemoralis","Volume 20","Oclemena nemoralis"
"Oclemena ×blakei","Volume 20","Oclemena ×blakei"
"Odontites vulgaris","Volume 17","Odontites vulgaris"
"Omalotheca sylvatica","Volume 19","Omalotheca sylvatica"
"Oncophorus wahlenbergii","Volume 27","Oncophorus wahlenbergii"
"Onoclea sensibilis","Volume 2","Onoclea sensibilis"
"Orobanche uniflora","Volume 17","Orobanche uniflora"
"Orobanche uniflora subsp. uniflora","Volume 17","Orobanche uniflora subsp. uniflora"
"Orthilia secunda","Volume 8","Orthilia secunda"
"Orthotrichum elegans","Volume 28","Orthotrichum elegans"
"Orthotrichum obtusifolium","Volume 28","Orthotrichum obtusifolium"
"Orthotrichum sordidum","Volume 28","Orthotrichum sordidum"
"Orthotrichum speciosum","Volume 28","Orthotrichum speciosum"
"Oryzopsis","Volume 24","Oryzopsis"
"Oryzopsis asperifolia","Volume 24","Oryzopsis asperifolia"
"Osmunda cinnamomea","Volume 2","Osmunda cinnamomea"
"Osmunda claytoniana","Volume 2","Osmunda claytoniana"
"Osmunda regalis","Volume 2","Osmunda regalis"
"Osmunda regalis var. spectabilis","Volume 2","Osmunda regalis var. spectabilis"
"Ostrya virginiana","Volume 3","Ostrya virginiana"
"Oxalis corniculata","Volume 12","Oxalis corniculata"
"Oxalis dillenii","Volume 12","Oxalis dillenii"
"Oxalis montana","Volume 12","Oxalis montana"
"Oxalis stricta","Volume 12","Oxalis stricta"
"Packera aurea","Volume 20","Packera aurea"
"Packera paupercula","Volume 20","Packera paupercula"
"Packera schweinitziana","Volume 20","Packera schweinitziana"
"Panicum","Volume 25","Panicum"
"Panicum capillare","Volume 25","Panicum capillare"
"Panicum capillare subsp. capillare","Volume 25","Panicum capillare subsp. capillare"
"Panicum capillare subsp. hillmanii","Volume 25","Panicum capillare subsp. hillmanii"
"Panicum gymnocarpon","Volume 25","Panicum gymnocarpon"
"Panicum miliaceum","Volume 25","Panicum miliaceum"
"Panicum miliaceum subsp. miliaceum","Volume 25","Panicum miliaceum subsp. miliaceum"
"Panicum miliaceum subsp. ruderale","Volume 25","Panicum miliaceum subsp. ruderale"
"Panicum plenum","Volume 25","Panicum plenum"
"Panicum sect. Agrostoidea","Volume 25","Panicum sect. Agrostoidea"
"Panicum sect. Antidotalia","Volume 25","Panicum sect. Antidotalia"
"Panicum sect. Bulbosa","Volume 25","Panicum sect. Bulbosa"
"Panicum sect. Dichotomiflora","Volume 25","Panicum sect. Dichotomiflora"
"Panicum sect. Hemitonia","Volume 25","Panicum sect. Hemitonia"
"Panicum sect. Monticola","Volume 25","Panicum sect. Monticola"
"Panicum sect. Obtusa","Volume 25","Panicum sect. Obtusa"
"Panicum sect. Panicum","Volume 25","Panicum sect. Panicum"
"Panicum sect. Phanopyrum","Volume 25","Panicum sect. Phanopyrum"
"Panicum sect. Repentia","Volume 25","Panicum sect. Repentia"
"Panicum sect. Tenera","Volume 25","Panicum sect. Tenera"
"Panicum sect. Urvilleana","Volume 25","Panicum sect. Urvilleana"
"Panicum sect. Verrucosa","Volume 25","Panicum sect. Verrucosa"
"Panicum subg. Agrostoidea","Volume 25","Panicum subg. Agrostoidea"
"Panicum subg. Panicum","Volume 25","Panicum subg. Panicum"
"Panicum subg. Phanopyrum","Volume 25","Panicum subg. Phanopyrum"
"Paraleucobryum longifolium","Volume 27","Paraleucobryum longifolium"
"Parnassia parviflora","Volume 12","Parnassia parviflora"
"Parthenocissus quinquefolia","Volume 12","Parthenocissus quinquefolia"
"Persicaria amphibia","Volume 5","Persicaria amphibia"
"Persicaria arifolia","Volume 5","Persicaria arifolia"
"Persicaria hydropiper","Volume 5","Persicaria hydropiper"
"Persicaria lapathifolia","Volume 5","Persicaria lapathifolia"
"Persicaria maculosa","Volume 5","Persicaria maculosa"
"Persicaria punctata","Volume 5","Persicaria punctata"
"Persicaria sagittata","Volume 5","Persicaria sagittata"
"Petasites frigidus","Volume 20","Petasites frigidus"
"Petasites frigidus var. palmatus","Volume 20","Petasites frigidus var. palmatus"
"Phalaris","Volume 24","Phalaris"
"Phalaris arundinacea","Volume 24","Phalaris arundinacea"
"Phalaris canariensis","Volume 24","Phalaris canariensis"
"Phegopteris connectilis","Volume 2","Phegopteris connectilis"
"Phleum","Volume 24","Phleum"
"Phleum phleoides","Volume 24","Phleum phleoides"
"Phleum pratense","Volume 24","Phleum pratense"
"Phragmites","Volume 25","Phragmites"
"Phragmites australis","Volume 25","Phragmites australis"
"Picea glauca","Volume 2","Picea glauca"
"Picea mariana","Volume 2","Picea mariana"
"Picea rubens","Volume 2","Picea rubens"
"Pilea pumila","Volume 3","Pilea pumila"
"Pinus banksiana","Volume 2","Pinus banksiana"
"Pinus resinosa","Volume 2","Pinus resinosa"
"Pinus strobus","Volume 2","Pinus strobus"
"Plagiomnium ciliare","Volume 28","Plagiomnium ciliare"
"Plagiomnium cuspidatum","Volume 28","Plagiomnium cuspidatum"
"Plagiomnium medium","Volume 28","Plagiomnium medium"
"Plagiomnium rostratum","Volume 28","Plagiomnium rostratum"
"Plagiopus oederianus","Volume 28","Plagiopus oederianus"
"Plagiothecium cavifolium","Volume 28","Plagiothecium cavifolium"
"Plagiothecium denticulatum","Volume 28","Plagiothecium denticulatum"
"Plagiothecium laetum","Volume 28","Plagiothecium laetum"
"Plantago lanceolata","Volume 17","Plantago lanceolata"
"Plantago major","Volume 17","Plantago major"
"Plantago maritima","Volume 17","Plantago maritima"
"Platanthera aquilonis","Volume 26","Platanthera aquilonis"
"Platanthera blephariglottis var. blephariglottis","Volume 26","Platanthera blephariglottis var. blephariglottis"
"Platanthera clavellata","Volume 26","Platanthera clavellata"
"Platanthera dilatata var. dilatata","Volume 26","Platanthera dilatata var. dilatata"
"Platanthera grandiflora","Volume 26","Platanthera grandiflora"
"Platanthera hookeri","Volume 26","Platanthera hookeri"
"Platanthera huronensis","Volume 26","Platanthera huronensis"
"Platanthera lacera","Volume 26","Platanthera lacera"
"Platanthera macrophylla","Volume 26","Platanthera macrophylla"
"Platanthera obtusata","Volume 26","Platanthera obtusata"
"Platanthera orbiculata","Volume 26","Platanthera orbiculata"
"Platanthera psycodes","Volume 26","Platanthera psycodes"
"Platydictya subtilis","Volume 28","Platydictya subtilis"
"Platygyrium repens","Volume 28","Platygyrium repens"
"Pleurozium schreberi","Volume 28","Pleurozium schreberi"
"Poa","Volume 24","Poa"
"Poa alsodes","Volume 24","Poa alsodes"
"Poa annua","Volume 24","Poa annua"
"Poa compressa","Volume 24","Poa compressa"
"Poa diaboli","Volume 24","Poa diaboli"
"Poa interior","Volume 24","Poa interior"
"Poa laxa","Volume 24","Poa laxa"
"Poa laxa subsp. banffiana","Volume 24","Poa laxa subsp. banffiana"
"Poa laxa subsp. fernaldiana","Volume 24","Poa laxa subsp. fernaldiana"
"Poa palustris","Volume 24","Poa palustris"
"Poa pratensis","Volume 24","Poa pratensis"
"Poa pratensis subsp. agassizensis","Volume 24","Poa pratensis subsp. agassizensis"
"Poa pratensis subsp. alpigena","Volume 24","Poa pratensis subsp. alpigena"
"Poa pratensis subsp. angustifolia","Volume 24","Poa pratensis subsp. angustifolia"
"Poa pratensis subsp. colpodea","Volume 24","Poa pratensis subsp. colpodea"
"Poa pratensis subsp. irrigata","Volume 24","Poa pratensis subsp. irrigata"
"Poa pratensis subsp. pratensis","Volume 24","Poa pratensis subsp. pratensis"
"Poa saltuensis","Volume 24","Poa saltuensis"
"Poa saltuensis subsp. languida","Volume 24","Poa saltuensis subsp. languida"
"Poa saltuensis subsp. saltuensis","Volume 24","Poa saltuensis subsp. saltuensis"
"Poa sect. Abbreviatae","Volume 24","Poa sect. Abbreviatae"
"Poa sect. Alpinae","Volume 24","Poa sect. Alpinae"
"Poa sect. Arctopoa","Volume 24","Poa sect. Arctopoa"
"Poa sect. Arenariae","Volume 24","Poa sect. Arenariae"
"Poa sect. Dioicopoa","Volume 24","Poa sect. Dioicopoa"
"Poa sect. Homalopoa","Volume 24","Poa sect. Homalopoa"
"Poa sect. Madropoa","Volume 24","Poa sect. Madropoa"
"Poa sect. Micrantherae","Volume 24","Poa sect. Micrantherae"
"Poa sect. Oreinos","Volume 24","Poa sect. Oreinos"
"Poa sect. Pandemos","Volume 24","Poa sect. Pandemos"
"Poa sect. Poa","Volume 24","Poa sect. Poa"
"Poa sect. Secundae","Volume 24","Poa sect. Secundae"
"Poa sect. Stenopoa","Volume 24","Poa sect. Stenopoa"
"Poa sect. Sylvestres","Volume 24","Poa sect. Sylvestres"
"Poa sect. Tichopoa","Volume 24","Poa sect. Tichopoa"
"Poa subg. Arctopoa","Volume 24","Poa subg. Arctopoa"
"Poa subg. Poa","Volume 24","Poa subg. Poa"
"Poa sublanata","Volume 24","Poa sublanata"
"Poa subsect. Epiles","Volume 24","Poa subsect. Epiles"
"Poa subsect. Halophytae","Volume 24","Poa subsect. Halophytae"
"Poa subsect. Madropoa","Volume 24","Poa subsect. Madropoa"
"Poa subsect. Poa","Volume 24","Poa subsect. Poa"
"Poa subsect. Secundae","Volume 24","Poa subsect. Secundae"
"Poa supina","Volume 24","Poa supina"
"Poa trivialis","Volume 24","Poa trivialis"
"Poa ×gaspensis","Volume 24","Poa ×gaspensis"
"Podostemum ceratophyllum","Volume 6","Podostemum ceratophyllum"
"Pogonatum pensilvanicum","Volume 27","Pogonatum pensilvanicum"
"Pogonatum urnigerum","Volume 27","Pogonatum urnigerum"
"Pogonia ophioglossoides","Volume 26","Pogonia ophioglossoides"
"Pohlia andalusica","Volume 28","Pohlia andalusica"
"Pohlia filum","Volume 28","Pohlia filum"
"Pohlia lescuriana","Volume 28","Pohlia lescuriana"
"Pohlia nutans","Volume 28","Pohlia nutans"
"Pohlia proligera","Volume 28","Pohlia proligera"
"Pohlia wahlenbergii","Volume 28","Pohlia wahlenbergii"
"Polygonella articulata","Volume 5","Polygonella articulata"
"Polygonum aviculare","Volume 5","Polygonum aviculare"
"Polygonum aviculare subsp. aviculare","Volume 5","Polygonum aviculare subsp. aviculare"
"Polygonum aviculare subsp. depressum","Volume 5","Polygonum aviculare subsp. depressum"
"Polygonum aviculare subsp. neglectum","Volume 5","Polygonum aviculare subsp. neglectum"
"Polygonum fowleri","Volume 5","Polygonum fowleri"
"Polygonum fowleri subsp. fowleri","Volume 5","Polygonum fowleri subsp. fowleri"
"Polygonum oxyspermum","Volume 5","Polygonum oxyspermum"
"Polygonum oxyspermum subsp. raii","Volume 5","Polygonum oxyspermum subsp. raii"
"Polygonum ramosissimum","Volume 5","Polygonum ramosissimum"
"Polygonum ramosissimum subsp. prolificum","Volume 5","Polygonum ramosissimum subsp. prolificum"
"Polygonum ramosissimum subsp. ramosissimum","Volume 5","Polygonum ramosissimum subsp. ramosissimum"
"Polypodium appalachianum","Volume 2","Polypodium appalachianum"
"Polypodium virginianum","Volume 2","Polypodium virginianum"
"Polystichum acrostichoides","Volume 2","Polystichum acrostichoides"
"Polytrichastrum formosum var. densifolium","Volume 27","Polytrichastrum formosum var. densifolium"
"Polytrichastrum pallidisetum","Volume 27","Polytrichastrum pallidisetum"
"Polytrichum commune var. commune","Volume 27","Polytrichum commune var. commune"
"Polytrichum juniperinum","Volume 27","Polytrichum juniperinum"
"Polytrichum piliferum","Volume 27","Polytrichum piliferum"
"Polytrichum strictum","Volume 27","Polytrichum strictum"
"Pontederia cordata","Volume 26","Pontederia cordata"
"Populus balsamifera","Volume 7","Populus balsamifera"
"Populus grandidentata","Volume 7","Populus grandidentata"
"Populus tremuloides","Volume 7","Populus tremuloides"
"Portulaca oleracea","Volume 4","Portulaca oleracea"
"Potamogeton alpinus","Volume 22","Potamogeton alpinus"
"Potamogeton epihydrus","Volume 22","Potamogeton epihydrus"
"Potamogeton foliosus","Volume 22","Potamogeton foliosus"
"Potamogeton foliosus subsp. foliosus","Volume 22","Potamogeton foliosus subsp. foliosus"
"Potamogeton friesii","Volume 22","Potamogeton friesii"
"Potamogeton gramineus","Volume 22","Potamogeton gramineus"
"Potamogeton natans","Volume 22","Potamogeton natans"
"Potamogeton obtusifolius","Volume 22","Potamogeton obtusifolius"
"Potamogeton perfoliatus","Volume 22","Potamogeton perfoliatus"
"Potamogeton praelongus","Volume 22","Potamogeton praelongus"
"Potamogeton pulcher","Volume 22","Potamogeton pulcher"
"Potamogeton pusillus","Volume 22","Potamogeton pusillus"
"Potamogeton pusillus subsp. pusillus","Volume 22","Potamogeton pusillus subsp. pusillus"
"Potamogeton pusillus subsp. tenuissimus","Volume 22","Potamogeton pusillus subsp. tenuissimus"
"Potamogeton robbinsii","Volume 22","Potamogeton robbinsii"
"Potamogeton spirillus","Volume 22","Potamogeton spirillus"
"Potamogeton zosteriformis","Volume 22","Potamogeton zosteriformis"
"Potentilla anserina","Volume 9","Potentilla anserina"
"Potentilla anserina subsp. anserina","Volume 9","Potentilla anserina subsp. anserina"
"Potentilla anserina subsp. pacifica","Volume 9","Potentilla anserina subsp. pacifica"
"Potentilla argentea","Volume 9","Potentilla argentea"
"Potentilla gracilis","Volume 9","Potentilla gracilis"
"Potentilla gracilis var. fastigiata","Volume 9","Potentilla gracilis var. fastigiata"
"Potentilla inclinata","Volume 9","Potentilla inclinata"
"Potentilla intermedia","Volume 9","Potentilla intermedia"
"Potentilla norvegica","Volume 9","Potentilla norvegica"
"Potentilla recta","Volume 9","Potentilla recta"
"Potentilla simplex","Volume 9","Potentilla simplex"
"Prenanthes altissima","Volume 19","Prenanthes altissima"
"Prenanthes trifoliolata","Volume 19","Prenanthes trifoliolata"
"Prunus cerasus","Volume 9","Prunus cerasus"
"Prunus pensylvanica","Volume 9","Prunus pensylvanica"
"Prunus virginiana","Volume 9","Prunus virginiana"
"Prunus virginiana var. virginiana","Volume 9","Prunus virginiana var. virginiana"
"Pseudobryum cinclidioides","Volume 28","Pseudobryum cinclidioides"
"Pseudognaphalium macounii","Volume 19","Pseudognaphalium macounii"
"Pseudognaphalium obtusifolium","Volume 19","Pseudognaphalium obtusifolium"
"Pseudotaxiphyllum elegans","Volume 28","Pseudotaxiphyllum elegans"
"Pteridium aquilinum","Volume 2","Pteridium aquilinum"
"Pteridium aquilinum var. latiusculum","Volume 2","Pteridium aquilinum var. latiusculum"
"Pterigynandrum filiforme","Volume 28","Pterigynandrum filiforme"
"Pterospora andromedea","Volume 8","Pterospora andromedea"
"Ptilium crista-castrensis","Volume 28","Ptilium crista-castrensis"
"Ptychostomum creberrimum","Volume 28","Ptychostomum creberrimum"
"Ptychostomum inclinatum","Volume 28","Ptychostomum inclinatum"
"Ptychostomum pallescens","Volume 28","Ptychostomum pallescens"
"Ptychostomum pseudotriquetrum","Volume 28","Ptychostomum pseudotriquetrum"
"Ptychostomum weigelii","Volume 28","Ptychostomum weigelii"
"Puccinellia","Volume 24","Puccinellia"
"Puccinellia distans","Volume 24","Puccinellia distans"
"Puccinellia fasciculata","Volume 24","Puccinellia fasciculata"
"Puccinellia maritima","Volume 24","Puccinellia maritima"
"Puccinellia nuttalliana","Volume 24","Puccinellia nuttalliana"
"Puccinellia pumila","Volume 24","Puccinellia pumila"
"Puccinellia tenella","Volume 24","Puccinellia tenella"
"Pylaisia polyantha","Volume 28","Pylaisia polyantha"
"Pyrola americana","Volume 8","Pyrola americana"
"Pyrola asarifolia","Volume 8","Pyrola asarifolia"
"Pyrola asarifolia subsp. asarifolia","Volume 8","Pyrola asarifolia subsp. asarifolia"
"Pyrola chlorantha","Volume 8","Pyrola chlorantha"
"Pyrola elliptica","Volume 8","Pyrola elliptica"
"Pyrola minor","Volume 8","Pyrola minor"
"Quercus robur","Volume 3","Quercus robur"
"Quercus rubra","Volume 3","Quercus rubra"
"Ranunculus abortivus","Volume 3","Ranunculus abortivus"
"Ranunculus acris","Volume 3","Ranunculus acris"
"Ranunculus aquatilis","Volume 3","Ranunculus aquatilis"
"Ranunculus aquatilis var. diffusus","Volume 3","Ranunculus aquatilis var. diffusus"
"Ranunculus flammula","Volume 3","Ranunculus flammula"
"Ranunculus flammula var. ovalis","Volume 3","Ranunculus flammula var. ovalis"
"Ranunculus gmelinii","Volume 3","Ranunculus gmelinii"
"Ranunculus hispidus","Volume 3","Ranunculus hispidus"
"Ranunculus hispidus var. caricetorum","Volume 3","Ranunculus hispidus var. caricetorum"
"Ranunculus pensylvanicus","Volume 3","Ranunculus pensylvanicus"
"Ranunculus recurvatus","Volume 3","Ranunculus recurvatus"
"Ranunculus recurvatus var. recurvatus","Volume 3","Ranunculus recurvatus var. recurvatus"
"Ranunculus repens","Volume 3","Ranunculus repens"
"Raphanus raphanistrum","Volume 7","Raphanus raphanistrum"
"Raphanus sativus","Volume 7","Raphanus sativus"
"Rhamnus alnifolia","Volume 12","Rhamnus alnifolia"
"Rhamnus cathartica","Volume 12","Rhamnus cathartica"
"Rhinanthus minor","Volume 17","Rhinanthus minor"
"Rhinanthus minor subsp. minor","Volume 17","Rhinanthus minor subsp. minor"
"Rhizomnium appalachianum","Volume 28","Rhizomnium appalachianum"
"Rhizomnium punctatum","Volume 28","Rhizomnium punctatum"
"Rhododendron canadense","Volume 8","Rhododendron canadense"
"Rhododendron groenlandicum","Volume 8","Rhododendron groenlandicum"
"Rhynchospora alba","Volume 23","Rhynchospora alba"
"Rhytidiadelphus subpinnatus","Volume 28","Rhytidiadelphus subpinnatus"
"Rhytidiadelphus triquetrus","Volume 28","Rhytidiadelphus triquetrus"
"Ribes americanum","Volume 8","Ribes americanum"
"Ribes glandulosum","Volume 8","Ribes glandulosum"
"Ribes hirtellum","Volume 8","Ribes hirtellum"
"Ribes lacustre","Volume 8","Ribes lacustre"
"Ribes nigrum","Volume 8","Ribes nigrum"
"Ribes rubrum","Volume 8","Ribes rubrum"
"Ribes triste","Volume 8","Ribes triste"
"Rorippa palustris","Volume 7","Rorippa palustris"
"Rorippa palustris subsp. palustris","Volume 7","Rorippa palustris subsp. palustris"
"Rorippa sylvestris","Volume 7","Rorippa sylvestris"
"Rosa carolina","Volume 9","Rosa carolina"
"Rosa carolina subsp. carolina","Volume 9","Rosa carolina subsp. carolina"
"Rosa cinnamomea","Volume 9","Rosa cinnamomea"
"Rosa nitida","Volume 9","Rosa nitida"
"Rosa rubiginosa","Volume 9","Rosa rubiginosa"
"Rosa rubiginosa var. nemoralis","Volume 9","Rosa rubiginosa var. nemoralis"
"Rosa rubiginosa var. rubiginosa","Volume 9","Rosa rubiginosa var. rubiginosa"
"Rosa rugosa","Volume 9","Rosa rugosa"
"Rosa tomentosa","Volume 9","Rosa tomentosa"
"Rosa virginiana","Volume 9","Rosa virginiana"
"Rosulabryum capillare","Volume 28","Rosulabryum capillare"
"Rubus allegheniensis","Volume 9","Rubus allegheniensis"
"Rubus canadensis","Volume 9","Rubus canadensis"
"Rubus chamaemorus","Volume 9","Rubus chamaemorus"
"Rubus flagellaris","Volume 9","Rubus flagellaris"
"Rubus hispidus","Volume 9","Rubus hispidus"
"Rubus idaeus","Volume 9","Rubus idaeus"
"Rubus idaeus subsp. idaeus","Volume 9","Rubus idaeus subsp. idaeus"
"Rubus idaeus subsp. strigosus","Volume 9","Rubus idaeus subsp. strigosus"
"Rubus pensilvanicus","Volume 9","Rubus pensilvanicus"
"Rubus pubescens","Volume 9","Rubus pubescens"
"Rubus repens","Volume 9","Rubus repens"
"Rubus setosus","Volume 9","Rubus setosus"
"Rudbeckia hirta","Volume 21","Rudbeckia hirta"
"Rudbeckia hirta var. pulcherrima","Volume 21","Rudbeckia hirta var. pulcherrima"
"Rudbeckia laciniata","Volume 21","Rudbeckia laciniata"
"Rudbeckia laciniata var. laciniata","Volume 21","Rudbeckia laciniata var. laciniata"
"Rumex acetosella","Volume 5","Rumex acetosella"
"Rumex britannica","Volume 5","Rumex britannica"
"Rumex crispus","Volume 5","Rumex crispus"
"Rumex fueginus","Volume 5","Rumex fueginus"
"Rumex longifolius","Volume 5","Rumex longifolius"
"Rumex obtusifolius","Volume 5","Rumex obtusifolius"
"Rumex pallidus","Volume 5","Rumex pallidus"
"Rumex persicarioides","Volume 5","Rumex persicarioides"
"Rumex triangulivalvis","Volume 5","Rumex triangulivalvis"
"Ruppia maritima","Volume 22","Ruppia maritima"
"Sagina nodosa","Volume 5","Sagina nodosa"
"Sagina nodosa subsp. borealis","Volume 5","Sagina nodosa subsp. borealis"
"Sagina procumbens","Volume 5","Sagina procumbens"
"Sagittaria graminea","Volume 22","Sagittaria graminea"
"Sagittaria graminea subsp. graminea","Volume 22","Sagittaria graminea subsp. graminea"
"Sagittaria latifolia","Volume 22","Sagittaria latifolia"
"Sagittaria rigida","Volume 22","Sagittaria rigida"
"Salicornia depressa","Volume 4","Salicornia depressa"
"Salicornia maritima","Volume 4","Salicornia maritima"
"Salix bebbiana","Volume 7","Salix bebbiana"
"Salix candida","Volume 7","Salix candida"
"Salix discolor","Volume 7","Salix discolor"
"Salix eriocephala","Volume 7","Salix eriocephala"
"Salix humilis","Volume 7","Salix humilis"
"Salix humilis var. humilis","Volume 7","Salix humilis var. humilis"
"Salix lucida","Volume 7","Salix lucida"
"Salix petiolaris","Volume 7","Salix petiolaris"
"Salix purpurea","Volume 7","Salix purpurea"
"Salix pyrifolia","Volume 7","Salix pyrifolia"
"Salix viminalis","Volume 7","Salix viminalis"
"Salix ×fragilis","Volume 7","Salix ×fragilis"
"Salix ×jesupii","Volume 7","Salix ×jesupii"
"Salix ×smithiana","Volume 7","Salix ×smithiana"
"Salsola kali","Volume 4","Salsola kali"
"Salsola kali subsp. kali","Volume 4","Salsola kali subsp. kali"
"Salsola tragus","Volume 4","Salsola tragus"
"Samolus parviflorus","Volume 8","Samolus parviflorus"
"Sanionia uncinata","Volume 28","Sanionia uncinata"
"Saponaria officinalis","Volume 5","Saponaria officinalis"
"Sarracenia purpurea","Volume 8","Sarracenia purpurea"
"Sarracenia purpurea subsp. purpurea","Volume 8","Sarracenia purpurea subsp. purpurea"
"Schedonorus","Volume 24","Schedonorus"
"Schedonorus pratensis","Volume 24","Schedonorus pratensis"
"Schistidium maritimum","Volume 27","Schistidium maritimum"
"Schistidium rivulare","Volume 27","Schistidium rivulare"
"Schizachne","Volume 24","Schizachne"
"Schizachne purpurascens","Volume 24","Schizachne purpurascens"
"Schoenoplectus acutus","Volume 23","Schoenoplectus acutus"
"Schoenoplectus acutus var. acutus","Volume 23","Schoenoplectus acutus var. acutus"
"Schoenoplectus pungens","Volume 23","Schoenoplectus pungens"
"Schoenoplectus subterminalis","Volume 23","Schoenoplectus subterminalis"
"Schoenoplectus tabernaemontani","Volume 23","Schoenoplectus tabernaemontani"
"Scirpus atrocinctus","Volume 23","Scirpus atrocinctus"
"Scirpus cyperinus","Volume 23","Scirpus cyperinus"
"Scirpus georgianus","Volume 23","Scirpus georgianus"
"Scirpus microcarpus","Volume 23","Scirpus microcarpus"
"Sciuro-hypnum curtum","Volume 28","Sciuro-hypnum curtum"
"Sciuro-hypnum populeum","Volume 28","Sciuro-hypnum populeum"
"Sciuro-hypnum reflexum","Volume 28","Sciuro-hypnum reflexum"
"Sciuro-hypnum starkei","Volume 28","Sciuro-hypnum starkei"
"Scleranthus annuus subsp. annuus","Volume 5","Scleranthus annuus subsp. annuus"
"Scrophularia marilandica","Volume 17","Scrophularia marilandica"
"Secale","Volume 24","Secale"
"Secale cereale","Volume 24","Secale cereale"
"Secale strictum","Volume 24","Secale strictum"
"Sedum acre","Volume 8","Sedum acre"
"Selaginella selaginoides","Volume 2","Selaginella selaginoides"
"Senecio jacobaea","Volume 20","Senecio jacobaea"
"Senecio sylvaticus","Volume 20","Senecio sylvaticus"
"Senecio viscosus","Volume 20","Senecio viscosus"
"Senecio vulgaris","Volume 20","Senecio vulgaris"
"Setaria","Volume 25","Setaria"
"Setaria adhaerans","Volume 25","Setaria adhaerans"
"Setaria chapmanii","Volume 25","Setaria chapmanii"
"Setaria pumila","Volume 25","Setaria pumila"
"Setaria pumila subsp. pallidefusca","Volume 25","Setaria pumila subsp. pallidefusca"
"Setaria pumila subsp. pumila","Volume 25","Setaria pumila subsp. pumila"
"Setaria subg. Paurochaetium","Volume 25","Setaria subg. Paurochaetium"
"Setaria subg. Ptychophyllum","Volume 25","Setaria subg. Ptychophyllum"
"Setaria subg. Reverchoniae","Volume 25","Setaria subg. Reverchoniae"
"Setaria subg. Setaria","Volume 25","Setaria subg. Setaria"
"Setaria viridis","Volume 25","Setaria viridis"
"Setaria viridis var. viridis","Volume 25","Setaria viridis var. viridis"
"Sibbaldiopsis tridentata","Volume 9","Sibbaldiopsis tridentata"
"Silene chalcedonica","Volume 5","Silene chalcedonica"
"Silene gallica","Volume 5","Silene gallica"
"Silene latifolia","Volume 5","Silene latifolia"
"Silene noctiflora","Volume 5","Silene noctiflora"
"Silene vulgaris","Volume 5","Silene vulgaris"
"Sinapis alba","Volume 7","Sinapis alba"
"Sinapis arvensis","Volume 7","Sinapis arvensis"
"Sisymbrium altissimum","Volume 7","Sisymbrium altissimum"
"Sisymbrium officinale","Volume 7","Sisymbrium officinale"
"Sisyrinchium montanum var. crebrum","Volume 26","Sisyrinchium montanum var. crebrum"
"Sisyrinchium montanum var. montanum","Volume 26","Sisyrinchium montanum var. montanum"
"Solidago altissima","Volume 20","Solidago altissima"
"Solidago altissima subsp. altissima","Volume 20","Solidago altissima subsp. altissima"
"Solidago bicolor","Volume 20","Solidago bicolor"
"Solidago canadensis","Volume 20","Solidago canadensis"
"Solidago canadensis var. canadensis","Volume 20","Solidago canadensis var. canadensis"
"Solidago flexicaulis","Volume 20","Solidago flexicaulis"
"Solidago gigantea","Volume 20","Solidago gigantea"
"Solidago hispida","Volume 20","Solidago hispida"
"Solidago juncea","Volume 20","Solidago juncea"
"Solidago macrophylla","Volume 20","Solidago macrophylla"
"Solidago nemoralis","Volume 20","Solidago nemoralis"
"Solidago nemoralis subsp. nemoralis","Volume 20","Solidago nemoralis subsp. nemoralis"
"Solidago rugosa","Volume 20","Solidago rugosa"
"Solidago rugosa var. rugosa","Volume 20","Solidago rugosa var. rugosa"
"Solidago sempervirens","Volume 20","Solidago sempervirens"
"Solidago sempervirens subsp. sempervirens","Volume 20","Solidago sempervirens subsp. sempervirens"
"Solidago uliginosa","Volume 20","Solidago uliginosa"
"Sonchus arvensis","Volume 19","Sonchus arvensis"
"Sonchus arvensis subsp. arvensis","Volume 19","Sonchus arvensis subsp. arvensis"
"Sonchus arvensis subsp. uliginosus","Volume 19","Sonchus arvensis subsp. uliginosus"
"Sonchus asper","Volume 19","Sonchus asper"
"Sonchus oleraceus","Volume 19","Sonchus oleraceus"
"Sorbaria sorbifolia","Volume 9","Sorbaria sorbifolia"
"Sorbus americana","Volume 9","Sorbus americana"
"Sorbus aucuparia","Volume 9","Sorbus aucuparia"
"Sorbus decora","Volume 9","Sorbus decora"
"Sparganium americanum","Volume 22","Sparganium americanum"
"Sparganium angustifolium","Volume 22","Sparganium angustifolium"
"Sparganium emersum","Volume 22","Sparganium emersum"
"Sparganium eurycarpum","Volume 22","Sparganium eurycarpum"
"Sparganium fluctuans","Volume 22","Sparganium fluctuans"
"Sparganium hyperboreum","Volume 22","Sparganium hyperboreum"
"Sparganium natans","Volume 22","Sparganium natans"
"Spartina","Volume 25","Spartina"
"Spartina alterniflora","Volume 25","Spartina alterniflora"
"Spartina patens","Volume 25","Spartina patens"
"Spartina pectinata","Volume 25","Spartina pectinata"
"Spartina ×caespitosa","Volume 25","Spartina ×caespitosa"
"Spergula arvensis","Volume 5","Spergula arvensis"
"Spergularia canadensis","Volume 5","Spergularia canadensis"
"Spergularia canadensis var. canadensis","Volume 5","Spergularia canadensis var. canadensis"
"Spergularia rubra","Volume 5","Spergularia rubra"
"Spergularia salina","Volume 5","Spergularia salina"
"Sphagnum affine","Volume 27","Sphagnum affine"
"Sphagnum capillifolium","Volume 27","Sphagnum capillifolium"
"Sphagnum centrale","Volume 27","Sphagnum centrale"
"Sphagnum compactum","Volume 27","Sphagnum compactum"
"Sphagnum fallax","Volume 27","Sphagnum fallax"
"Sphagnum flavicomans","Volume 27","Sphagnum flavicomans"
"Sphagnum flexuosum","Volume 27","Sphagnum flexuosum"
"Sphagnum fuscum","Volume 27","Sphagnum fuscum"
"Sphagnum girgensohnii","Volume 27","Sphagnum girgensohnii"
"Sphagnum henryense","Volume 27","Sphagnum henryense"
"Sphagnum magellanicum","Volume 27","Sphagnum magellanicum"
"Sphagnum palustre","Volume 27","Sphagnum palustre"
"Sphagnum papillosum","Volume 27","Sphagnum papillosum"
"Sphagnum riparium","Volume 27","Sphagnum riparium"
"Sphagnum rubellum","Volume 27","Sphagnum rubellum"
"Sphagnum russowii","Volume 27","Sphagnum russowii"
"Sphagnum squarrosum","Volume 27","Sphagnum squarrosum"
"Sphenopholis","Volume 24","Sphenopholis"
"Sphenopholis intermedia","Volume 24","Sphenopholis intermedia"
"Spiraea alba","Volume 9","Spiraea alba"
"Spiraea alba var. latifolia","Volume 9","Spiraea alba var. latifolia"
"Spiraea tomentosa","Volume 9","Spiraea tomentosa"
"Spiraea tomentosa var. rosea","Volume 9","Spiraea tomentosa var. rosea"
"Spiraea tomentosa var. tomentosa","Volume 9","Spiraea tomentosa var. tomentosa"
"Spiranthes cernua","Volume 26","Spiranthes cernua"
"Spiranthes lacera var. lacera","Volume 26","Spiranthes lacera var. lacera"
"Spiranthes ochroleuca","Volume 26","Spiranthes ochroleuca"
"Spiranthes romanzoffiana","Volume 26","Spiranthes romanzoffiana"
"Spirodela polyrrhiza","Volume 22","Spirodela polyrrhiza"
"Sporobolus","Volume 25","Sporobolus"
"Sporobolus coahuilensis","Volume 25","Sporobolus coahuilensis"
"Sporobolus jacquemontii","Volume 25","Sporobolus jacquemontii"
"Sporobolus vaginiflorus","Volume 25","Sporobolus vaginiflorus"
"Sporobolus vaginiflorus var. vaginiflorus","Volume 25","Sporobolus vaginiflorus var. vaginiflorus"
"Stellaria alsine","Volume 5","Stellaria alsine"
"Stellaria borealis","Volume 5","Stellaria borealis"
"Stellaria borealis subsp. borealis","Volume 5","Stellaria borealis subsp. borealis"
"Stellaria crassifolia","Volume 5","Stellaria crassifolia"
"Stellaria graminea","Volume 5","Stellaria graminea"
"Stellaria humifusa","Volume 5","Stellaria humifusa"
"Stellaria media","Volume 5","Stellaria media"
"Straminergon stramineum","Volume 28","Straminergon stramineum"
"Streptopus amplexifolius","Volume 26","Streptopus amplexifolius"
"Streptopus lanceolatus","Volume 26","Streptopus lanceolatus"
"Stuckenia filiformis","Volume 22","Stuckenia filiformis"
"Stuckenia filiformis subsp. alpina","Volume 22","Stuckenia filiformis subsp. alpina"
"Stuckenia filiformis subsp. occidentalis","Volume 22","Stuckenia filiformis subsp. occidentalis"
"Stuckenia pectinata","Volume 22","Stuckenia pectinata"
"Suaeda calceoliformis","Volume 4","Suaeda calceoliformis"
"Suaeda maritima","Volume 4","Suaeda maritima"
"Symphyotrichum boreale","Volume 20","Symphyotrichum boreale"
"Symphyotrichum cordifolium","Volume 20","Symphyotrichum cordifolium"
"Symphyotrichum lanceolatum","Volume 20","Symphyotrichum lanceolatum"
"Symphyotrichum lanceolatum var. lanceolatum","Volume 20","Symphyotrichum lanceolatum var. lanceolatum"
"Symphyotrichum lateriflorum","Volume 20","Symphyotrichum lateriflorum"
"Symphyotrichum laurentianum","Volume 20","Symphyotrichum laurentianum"
"Symphyotrichum novi-belgii var. novibelgii","Volume 20","Symphyotrichum novi-belgii var. novibelgii"
"Symphyotrichum puniceum","Volume 20","Symphyotrichum puniceum"
"Symphyotrichum puniceum var. puniceum","Volume 20","Symphyotrichum puniceum var. puniceum"
"Tanacetum vulgare","Volume 19","Tanacetum vulgare"
"Taraxacum officinale","Volume 19","Taraxacum officinale"
"Taxus canadensis","Volume 2","Taxus canadensis"
"Tetraphis geniculata","Volume 27","Tetraphis geniculata"
"Tetraphis pellucida var. pellucida","Volume 27","Tetraphis pellucida var. pellucida"
"Tetrodontium brownianum var. ovatum","Volume 27","Tetrodontium brownianum var. ovatum"
"Thalictrum confine","Volume 3","Thalictrum confine"
"Thalictrum pubescens","Volume 3","Thalictrum pubescens"
"Thelypteris noveboracensis","Volume 2","Thelypteris noveboracensis"
"Thelypteris palustris","Volume 2","Thelypteris palustris"
"Thelypteris palustris var. pubescens","Volume 2","Thelypteris palustris var. pubescens"
"Thlaspi arvense","Volume 7","Thlaspi arvense"
"Thuja occidentalis","Volume 2","Thuja occidentalis"
"Torreyochloa","Volume 24","Torreyochloa"
"Torreyochloa pallida","Volume 24","Torreyochloa pallida"
"Torreyochloa pallida var. fernaldii","Volume 24","Torreyochloa pallida var. fernaldii"
"Tragopogon pratensis","Volume 19","Tragopogon pratensis"
"Trematodon ambiguus","Volume 27","Trematodon ambiguus"
"Triadenum fraseri","Volume 6","Triadenum fraseri"
"Trichophorum cespitosum","Volume 23","Trichophorum cespitosum"
"Trientalis borealis","Volume 8","Trientalis borealis"
"Triglochin gaspensis","Volume 22","Triglochin gaspensis"
"Triglochin maritima","Volume 22","Triglochin maritima"
"Triglochin palustris","Volume 22","Triglochin palustris"
"Trillium cernuum","Volume 26","Trillium cernuum"
"Trillium undulatum","Volume 26","Trillium undulatum"
"Tripleurospermum inodorum","Volume 19","Tripleurospermum inodorum"
"Triticum","Volume 24","Triticum"
"Triticum aestivum","Volume 24","Triticum aestivum"
"Triticum boeoticum","Volume 24","Triticum boeoticum"
"Triticum carthlicum","Volume 24","Triticum carthlicum"
"Triticum dicoccoides","Volume 24","Triticum dicoccoides"
"Triticum dicoccum","Volume 24","Triticum dicoccum"
"Triticum monococcum","Volume 24","Triticum monococcum"
"Triticum polonicum","Volume 24","Triticum polonicum"
"Triticum timopheevii","Volume 24","Triticum timopheevii"
"Triticum urartu","Volume 24","Triticum urartu"
"Tsuga canadensis","Volume 2","Tsuga canadensis"
"Tussilago farfara","Volume 20","Tussilago farfara"
"Typha angustifolia","Volume 22","Typha angustifolia"
"Typha latifolia","Volume 22","Typha latifolia"
"Ulmus americana","Volume 3","Ulmus americana"
"Ulota coarctata","Volume 28","Ulota coarctata"
"Ulota crispa","Volume 28","Ulota crispa"
"Urtica dioica","Volume 3","Urtica dioica"
"Urtica dioica subsp. dioica","Volume 3","Urtica dioica subsp. dioica"
"Urtica dioica subsp. gracilis","Volume 3","Urtica dioica subsp. gracilis"
"Urtica urens","Volume 3","Urtica urens"
"Vaccinium angustifolium","Volume 8","Vaccinium angustifolium"
"Vaccinium macrocarpon","Volume 8","Vaccinium macrocarpon"
"Vaccinium myrtilloides","Volume 8","Vaccinium myrtilloides"
"Vaccinium oxycoccos","Volume 8","Vaccinium oxycoccos"
"Vaccinium uliginosum","Volume 8","Vaccinium uliginosum"
"Vaccinium vitis-idaea","Volume 8","Vaccinium vitis-idaea"
"Verbascum phlomoides","Volume 17","Verbascum phlomoides"
"Verbascum thapsus","Volume 17","Verbascum thapsus"
"Verbascum thapsus subsp. thapsus","Volume 17","Verbascum thapsus subsp. thapsus"
"Veronica americana","Volume 17","Veronica americana"
"Veronica arvensis","Volume 17","Veronica arvensis"
"Veronica chamaedrys","Volume 17","Veronica chamaedrys"
"Veronica longifolia","Volume 17","Veronica longifolia"
"Veronica officinalis","Volume 17","Veronica officinalis"
"Veronica peregrina","Volume 17","Veronica peregrina"
"Veronica persica","Volume 17","Veronica persica"
"Veronica scutellata","Volume 17","Veronica scutellata"
"Veronica serpyllifolia","Volume 17","Veronica serpyllifolia"
"Veronica verna","Volume 17","Veronica verna"
"Viola arvensis","Volume 6","Viola arvensis"
"Viola blanda","Volume 6","Viola blanda"
"Viola cucullata","Volume 6","Viola cucullata"
"Viola labradorica","Volume 6","Viola labradorica"
"Viola lanceolata","Volume 6","Viola lanceolata"
"Viola macloskeyi","Volume 6","Viola macloskeyi"
"Viola nephrophylla","Volume 6","Viola nephrophylla"
"Viola pubescens","Volume 6","Viola pubescens"
"Viola pubescens var. scabriuscula","Volume 6","Viola pubescens var. scabriuscula"
"Viola renifolia","Volume 6","Viola renifolia"
"Viola sagittata","Volume 6","Viola sagittata"
"Viola sagittata var. ovata","Volume 6","Viola sagittata var. ovata"
"Viola sororia","Volume 6","Viola sororia"
"Viola tricolor","Volume 6","Viola tricolor"
"Viola tricolor var. tricolor","Volume 6","Viola tricolor var. tricolor"
"Warnstorfia fluitans","Volume 28","Warnstorfia fluitans"
"Weissia controversa","Volume 27","Weissia controversa"
"Woodwardia virginica","Volume 2","Woodwardia virginica"
"Xanthium strumarium","Volume 21","Xanthium strumarium"
"Zannichellia palustris","Volume 22","Zannichellia palustris"
"Zizania","Volume 24","Zizania"
"Zizania palustris","Volume 24","Zizania palustris"
"Zizania palustris var. interior","Volume 24","Zizania palustris var. interior"
"Zizania palustris var. palustris","Volume 24","Zizania palustris var. palustris"
"Zostera marina","Volume 22","Zostera marina"
